"About the data: Analytical views - Source Title - Exported on Oct 18, 2022. Criteria: My groups is US YES federal funders; Publication Year is 2017 or 2018 or 2019 or 2020 or 2021; Country of Funder is United States; Publication Type is not Preprint. © 2022 Digital Science &amp; Research Solutions Inc. All rights reserved. Parts of this work may also be protected by copyright of content providers and other third parties, which together with all rights of Digital Science, user agrees not to violate. Redistribution / external use of this work (or parts thereof) is prohibited without prior written approval. Please contact info@dimensions.ai for further information.  1,326,472",,,,,,,,,,,,,,,,,,,,,
ID,Name,Rank FF,FF Pubs,Rank WW,Worldwide,Rank percent,Percentage,All OA,Bronze,Closed,Gold,Green,Hybrid,Sum,delta,% OSTP closed,% OSTP Green,% OSTP Gold,% OSTP Bronze,% OSTP Hybrid,color
jour.1045337,Scientific Reports,1,17382,1,110931,71,15.66919977,17382,0,0,17382,0,0,17382,0,0,0,100,0,0,blue
jour.1037553,PLOS ONE,2,14978,3,89518,67,16.73183047,14978,0,0,14978,0,0,14978,0,0,0,100,0,0,blue
jour.1043282,Nature Communications,3,11998,13,29697,10,40.40138735,11998,0,0,11998,0,0,11998,0,0,0,100,0,0,blue
jour.1082971,Proceedings of the National Academy of Sciences,4,10649,28,20344,5,52.34467165,10645,4689,4,0,3098,2858,10649,0,0.037562212,29.09193351,0,44.0323035,26.83820077,blue
jour.1134140,The Astrophysical Journal,5,8892,46,15364,1,57.87555324,8442,2307,450,0,5615,520,8892,0,5.060728745,63.14664867,0,25.94466937,5.847953216,blue
jour.1320488,Physical Review B,6,7044,20,26024,35,27.06732247,6746,2,298,0,2576,4168,7044,0,4.230550823,36.57013061,0,0.028392959,59.17092561,blue
jour.1017429,The FASEB Journal,7,6940,17,27130,37,25.58053815,3416,2453,3524,0,819,144,6940,0,50.77809798,11.80115274,0,35.34582133,2.074927954,blue
jour.1081898,Journal of the American Chemical Society,8,5590,61,12894,9,43.35349775,3297,41,2293,0,2919,337,5590,0,41.019678,52.21824687,0,0.733452594,6.02862254,blue
jour.1320496,Physical Review D,9,5466,31,18818,31,29.04665746,5445,5,21,0,1019,4421,5466,0,0.384193194,18.64251738,0,0.09147457,80.88181486,blue
jour.1022968,Monthly Notices of the Royal Astronomical Society,10,5425,33,18292,28,29.65777389,5342,2772,83,0,2309,261,5425,0,1.529953917,42.56221198,0,51.09677419,4.811059908,blue
jour.1222150,Lecture Notes in Computer Science,11,5393,2,104293,183,5.171008601,2250,120,3143,0,1983,147,5393,0,58.27925088,36.76988689,0,2.22510662,2.725755609,blue
jour.1018277,Physical Review Letters,12,5234,56,13432,12,38.96664681,5080,10,154,0,1612,3458,5234,0,2.942300344,30.79862438,0,0.191058464,66.06801681,blue
jour.1046517,eLife,13,4625,99,8728,3,52.9903758,4625,0,0,4625,0,0,4625,0,0,0,100,0,0,blue
jour.1126650,Geophysical Research Letters,14,4239,109,7963,2,53.23370589,3012,1271,1227,0,911,830,4239,0,28.94550602,21.49091767,0,29.98348667,19.58008964,blue
jour.1077138,Journal of Biological Chemistry,15,4073,104,8384,7,48.58062977,4069,7,4,732,8,3322,4073,0,0.098207709,0.196415419,17.9720108,0.171863491,81.56150258,blue
jour.1041450,ACS Applied Materials & Interfaces,16,3808,16,27152,81,14.02474956,1328,10,2480,0,1208,110,3808,0,65.12605042,31.72268908,0,0.262605042,2.888655462,blue
jour.1358290,Methods in Molecular Biology,17,3760,30,19743,57,19.04472471,1334,13,2426,0,1295,26,3760,0,64.5212766,34.44148936,0,0.345744681,0.691489362,blue
jour.1028874,International Journal of Molecular Sciences,18,3611,9,37137,127,9.723456391,3611,0,0,3611,0,0,3611,0,0,0,100,0,0,blue
jour.1045166,Frontiers in Immunology,19,3581,35,17853,54,20.05825351,3581,0,0,3581,0,0,3581,0,0,0,100,0,0,blue
jour.1046010,Cell Reports,20,3389,139,6463,4,52.43694879,3389,0,0,3389,0,0,3389,0,0,0,100,0,0,blue
jour.1051517,Science Advances,21,3371,127,7077,8,47.6331779,3371,0,0,3371,0,0,3371,0,0,0,100,0,0,blue
jour.1017736,The Journal of Chemical Physics,22,3365,79,10235,20,32.87738153,2174,247,1191,0,1814,113,3365,0,35.39375929,53.90787519,0,7.340267459,3.358098068,blue
jour.1038386,The Journal of Physical Chemistry C,23,3255,43,15795,53,20.60778727,1228,15,2027,0,1084,129,3255,0,62.2734255,33.30261137,0,0.460829493,3.963133641,blue
jour.1018957,Nature,24,3118,29,19761,70,15.77855372,2649,304,469,0,2161,184,3118,0,15.04169339,69.30724824,0,9.749839641,5.90121873,blue
jour.1346339,Science,25,3077,23,23507,91,13.08971796,2043,71,1034,0,1960,12,3077,0,33.6041599,63.69840754,0,2.307442314,0.38999025,blue
jour.1026093,Astronomy & Astrophysics,26,2941,81,10061,29,29.23168671,2941,2369,0,0,26,546,2941,0,0,0.884053043,0,80.55083305,18.56511391,blue
jour.1017044,Angewandte Chemie International Edition,27,2656,37,17831,74,14.89540688,1851,571,805,0,1131,149,2656,0,30.30873494,42.58283133,0,21.49849398,5.609939759,blue
jour.1052482,Journal of High Energy Physics,28,2615,67,11646,45,22.45406148,2615,0,0,2609,6,0,2615,0,0,0.229445507,99.77055449,0,0,blue
jour.1012116,Environmental Science and Technology,29,2543,107,8174,26,31.11083925,1025,36,1518,0,746,243,2543,0,59.69327566,29.33543059,0,1.415650806,9.555642941,blue
jour.1023179,Angewandte Chemie,30,2518,36,17836,78,14.11751514,1196,542,1322,0,534,120,2518,0,52.5019857,21.20730739,0,21.52501986,4.765687053,blue
jour.1125016,Applied Physics Letters,31,2513,68,11580,49,21.70120898,1381,17,1132,0,1239,125,2513,0,45.04576204,49.30362117,0,0.676482292,4.974134501,blue
jour.1034947,International Journal of Environmental Research and Public Health,32,2344,10,33127,161,7.075799197,2344,0,0,2344,0,0,2344,0,0,0,100,0,0,blue
jour.1053349,Physical Review A,33,2275,65,12629,61,18.01409454,2166,4,109,0,785,1377,2275,0,4.791208791,34.50549451,0,0.175824176,60.52747253,blue
jour.1015499,The Science of The Total Environment,34,2266,12,29782,153,7.608622658,1276,671,990,0,373,232,2266,0,43.68932039,16.46072374,0,29.61165049,10.23830538,blue
jour.1092210,Journal of Neuroscience,35,2238,202,4447,6,50.32606251,2238,2082,0,0,20,136,2238,0,0,0.893655049,0,93.02949062,6.076854334,blue
jour.1077136,Journal of Applied Physics,36,2230,77,10381,51,21.48155284,1081,66,1149,0,903,112,2230,0,51.52466368,40.49327354,0,2.959641256,5.022421525,blue
jour.1018982,Nucleic Acids Research,37,2217,135,6509,16,34.06053157,2217,0,0,2217,0,0,2217,0,0,0,100,0,0,blue
jour.1052087,Journal of Geophysical Research Space Physics,38,2212,206,0,206,0,1401,594,811,0,524,283,2212,0,36.6636528,23.68896926,0,26.85352622,12.79385172,blue
jour.1028316,Nano Letters,39,2195,149,6037,13,36.35911877,1256,22,939,0,1134,100,2195,0,42.77904328,51.66287016,0,1.002277904,4.555808656,blue
jour.1038917,ACS Nano,40,2190,120,7520,30,29.12234043,1112,19,1078,0,965,128,2190,0,49.22374429,44.06392694,0,0.867579909,5.844748858,blue
jour.1312191,Journal of Clinical Oncology,41,2167,8,37828,176,5.728560854,894,179,1273,0,595,120,2167,0,58.74480849,27.45731426,0,8.260267651,5.537609599,blue
jour.1089721,Clinical Infectious Diseases,42,2145,134,6529,21,32.85342319,2047,653,98,0,716,678,2145,0,4.568764569,33.37995338,0,30.44289044,31.60839161,blue
jour.1345331,Analytical Chemistry,43,2073,83,9931,52,20.87403081,1195,81,878,0,1013,101,2073,0,42.35407622,48.86637723,0,3.907380608,4.872165943,blue
jour.1008072,Journal of Virology,44,2047,206,0,206,0,2042,89,5,0,1737,216,2047,0,0.244259893,84.85588666,0,4.347826087,10.55202736,blue
jour.1042492,mBio,45,1989,206,0,206,0,1989,0,0,1989,0,0,1989,0,0,0,100,0,0,blue
jour.1044458,Frontiers in Microbiology,46,1988,38,16815,104,11.82277728,1988,0,0,1988,0,0,1988,0,0,0,100,0,0,blue
jour.1430766,Remote Sensing,47,1985,42,15992,99,12.41245623,1983,0,2,1923,60,0,1985,0,0.100755668,3.022670025,96.87657431,0,0,blue
jour.1113735,Clinical Cancer Research,48,1976,153,5932,19,33.31085637,1787,394,189,0,1331,62,1976,0,9.564777328,67.3582996,0,19.93927126,3.137651822,blue
jour.1023201,The Astronomical Journal,49,1972,206,0,206,0,1881,522,91,0,1246,113,1972,0,4.614604462,63.18458418,0,26.47058824,5.730223124,blue
jour.1031548,The Journal of Physical Chemistry B,50,1966,150,5997,22,32.7830582,956,12,1010,0,830,114,1966,0,51.3733469,42.21770092,0,0.610376399,5.798575788,blue
jour.1312290,Physical Review E,51,1958,76,10450,58,18.73684211,1776,3,182,0,609,1164,1958,0,9.295199183,31.1031665,0,0.153217569,59.44841675,blue
jour.1126745,Journal of Geophysical Research: Atmospheres,52,1932,206,0,206,0,1321,630,611,0,442,249,1932,0,31.6252588,22.87784679,0,32.60869565,12.88819876,blue
jour.1043163,Cancers,53,1858,58,13218,80,14.0565895,1858,0,0,1858,0,0,1858,0,0,0,100,0,0,blue
jour.1103053,NeuroImage,54,1855,199,4701,11,39.45968943,1762,133,93,879,601,149,1855,0,5.013477089,32.39892183,47.38544474,7.169811321,8.032345013,blue
jour.1053075,JCI Insight,55,1852,206,0,206,0,1851,0,1,1847,4,0,1852,0,0.05399568,0.215982721,99.7300216,0,0,blue
jour.1127852,Chemistry of Materials,56,1850,176,5186,14,35.67296568,810,6,1040,0,723,81,1850,0,56.21621622,39.08108108,0,0.324324324,4.378378378,blue
jour.1100826,Physical Chemistry Chemical Physics,57,1845,52,14418,94,12.79650437,864,7,981,0,700,157,1845,0,53.17073171,37.9403794,0,0.379403794,8.509485095,blue
jour.1052750,The Astrophysical Journal Letters,58,1829,206,0,206,0,1764,476,65,0,1068,220,1829,0,3.553854565,58.39256424,0,26.02515036,12.02843084,blue
jour.1043645,Oncotarget,59,1828,59,13050,83,14.00766284,1828,0,0,1827,1,0,1828,0,0,0.054704595,99.9452954,0,0,blue
jour.1043112,The Journal of Physical Chemistry Letters,60,1824,138,6493,33,28.09179116,848,6,976,0,767,75,1824,0,53.50877193,42.0504386,0,0.328947368,4.111842105,blue
jour.1030495,Optics Express,61,1804,41,16318,114,11.05527638,1800,0,4,1798,2,0,1804,0,0.22172949,0.110864745,99.66740576,0,0,blue
jour.1320490,Physical Review C,62,1776,186,5059,15,35.10575212,1715,6,61,0,589,1120,1776,0,3.434684685,33.16441441,0,0.337837838,63.06306306,blue
jour.1297422,Journal of Clinical Investigation,62,1776,206,0,206,0,1776,1682,0,0,10,84,1776,0,0,0.563063063,0,94.70720721,4.72972973,blue
jour.1358263,Inorganic Chemistry,64,1769,93,9110,56,19.41822173,709,9,1060,0,637,63,1769,0,59.92085924,36.00904466,0,0.508762012,3.561334087,blue
jour.1038900,Journal of Visualized Experiments,65,1759,144,6209,32,28.32984378,1481,381,278,0,1090,10,1759,0,15.80443434,61.96702672,0,21.66003411,0.568504832,blue
jour.1412796,Biochemistry,66,1743,206,0,206,0,1324,89,419,0,1138,97,1743,0,24.0390132,65.28973035,0,5.106138841,5.565117613,blue
jour.1019114,Cell,66,1743,206,0,206,0,1704,1489,39,0,38,177,1743,0,2.237521515,2.180149168,0,85.42742398,10.15490534,blue
jour.1084650,Drug and Alcohol Dependence,68,1738,206,0,206,0,1359,201,379,0,1079,79,1738,0,21.80667434,62.08285386,0,11.56501726,4.545454545,blue
jour.1077134,The Journal of Immunology,69,1726,206,0,206,0,1675,1622,51,0,17,36,1726,0,2.954808806,0.984936269,0,93.97450753,2.085747393,blue
jour.1034963,PLOS Pathogens,70,1715,206,0,206,0,1715,0,0,1715,0,0,1715,0,0,0,100,0,0,blue
jour.1312263,Physics of Plasmas,71,1714,168,5369,24,31.9240082,1427,24,287,0,1286,117,1714,0,16.74445741,75.02917153,0,1.400233372,6.82613769,blue
jour.1046624,Journal of the American Heart Association,72,1710,185,5066,17,33.75444137,1710,0,0,1710,0,0,1710,0,0,0,100,0,0,blue
jour.1321825,JAMA Network Open,73,1699,174,5212,23,32.59785111,1697,0,2,1696,1,0,1699,0,0.117716304,0.058858152,99.82342554,0,0,blue
jour.1129018,Advanced Materials,74,1674,92,9248,60,18.10121107,1014,407,660,0,544,63,1674,0,39.4265233,32.49701314,0,24.3130227,3.76344086,blue
jour.1312251,The Journal of Physical Chemistry A,75,1652,171,5327,27,31.01182654,532,14,1120,0,464,54,1652,0,67.79661017,28.08716707,0,0.847457627,3.268765133,blue
jour.1050631,IEEE Access,76,1642,4,55277,198,2.970494057,1642,0,0,1642,0,0,1642,0,0,0,100,0,0,blue
jour.1345383,Bioinformatics,77,1630,194,4837,18,33.6985735,1561,507,69,0,413,641,1630,0,4.233128834,25.33742331,0,31.10429448,39.32515337,blue
jour.1019235,The Journal of Infectious Diseases,78,1587,206,0,206,0,1529,588,58,0,472,469,1587,0,3.654694392,29.74165091,0,37.0510397,29.552615,blue
jour.1045236,ACS Catalysis,79,1571,143,6242,38,25.16821532,761,26,810,0,669,66,1571,0,51.55951623,42.58434118,0,1.654996817,4.201145767,blue
jour.1319913,Cancer Research,80,1570,7,38268,190,4.102644507,1449,297,121,0,1108,44,1570,0,7.707006369,70.57324841,0,18.91719745,2.802547771,blue
jour.1126508,Langmuir,81,1565,105,8362,59,18.71561827,444,3,1121,0,390,51,1565,0,71.62939297,24.9201278,0,0.191693291,3.258785942,blue
jour.1398510,Viruses,82,1528,142,6394,40,23.89740382,1528,0,0,1528,0,0,1528,0,0,0,100,0,0,blue
jour.1034974,PLOS Genetics,83,1527,206,0,206,0,1527,0,0,1527,0,0,1527,0,0,0,100,0,0,blue
jour.1327433,PLOS Computational Biology,84,1526,206,0,206,0,1526,0,0,1526,0,0,1526,0,0,0,100,0,0,blue
jour.1101321,Current Biology,85,1502,198,4733,25,31.7346292,1442,1124,60,0,53,265,1502,0,3.994673768,3.528628495,0,74.83355526,17.64314248,blue
jour.1042723,Nutrients,86,1492,47,15130,125,9.861202908,1492,0,0,1492,0,0,1492,0,0,0,100,0,0,blue
jour.1044370,Chemical Science,87,1455,141,6402,42,22.72727273,1455,0,0,1453,2,0,1455,0,0,0.137457045,99.86254296,0,0,blue
jour.1016709,Macromolecules,88,1433,179,5127,34,27.95006827,423,11,1010,0,369,43,1433,0,70.48150733,25.75017446,0,0.767620377,3.000697837,blue
jour.1085025,Blood,89,1431,18,26140,180,5.474368783,1385,1292,46,0,57,36,1431,0,3.21453529,3.983228512,0,90.28651293,2.51572327,blue
jour.1033685,Atmospheric Chemistry and Physics,90,1430,206,0,206,0,1430,0,0,1430,0,0,1430,0,0,0,100,0,0,blue
jour.1117239,AIDS and Behavior,91,1413,206,0,206,0,1110,113,303,0,848,149,1413,0,21.44373673,60.01415428,0,7.997169144,10.54493984,blue
jour.1098485,Neuron,92,1379,206,0,206,0,1326,1212,53,0,35,79,1379,0,3.843364757,2.538071066,0,87.8897752,5.728788978,blue
jour.1017078,Biophysical Journal,93,1378,39,16686,146,8.258420233,1328,1145,50,0,31,152,1378,0,3.628447025,2.249637155,0,83.09143687,11.03047896,blue
jour.1082768,Journal of The Electrochemical Society,94,1372,115,7760,62,17.68041237,710,3,662,0,355,352,1372,0,48.25072886,25.87463557,0,0.218658892,25.65597668,blue
jour.1039813,Acta Materialia,95,1365,206,0,206,0,826,440,539,0,333,53,1365,0,39.48717949,24.3956044,0,32.23443223,3.882783883,blue
jour.1017574,Cancer,96,1364,206,0,206,0,1108,551,256,0,471,86,1364,0,18.76832845,34.53079179,0,40.39589443,6.304985337,blue
jour.1096256,Journal of General Internal Medicine,97,1355,206,0,206,0,1343,1268,12,0,6,69,1355,0,0.885608856,0.442804428,0,93.57933579,5.092250923,blue
jour.1032876,Advanced Functional Materials,98,1346,82,10008,90,13.44924061,777,305,569,0,424,48,1346,0,42.27340267,31.50074294,0,22.65973254,3.566121842,blue
jour.1047634,Microbiology Resource Announcements,99,1334,165,5424,39,24.59439528,1334,0,0,1174,160,0,1334,0,0,11.994003,88.005997,0,0,blue
jour.1047891,Cells,99,1334,102,8450,69,15.78698225,1334,0,0,1334,0,0,1334,0,0,0,100,0,0,blue
jour.1043052,Nanoscale,101,1323,72,11199,105,11.81355478,615,2,708,0,511,102,1323,0,53.51473923,38.62433862,0,0.15117158,7.709750567,blue
jour.1297159,Chemical Communications,102,1319,50,14677,137,8.986850174,649,16,670,0,574,59,1319,0,50.79605762,43.51781653,0,1.213040182,4.473085671,blue
jour.1081904,Journal of the American Geriatrics Society,103,1288,206,0,206,0,1010,181,278,0,806,23,1288,0,21.58385093,62.57763975,0,14.05279503,1.785714286,blue
jour.1312072,Molecules,103,1288,22,24245,182,5.312435554,1288,0,0,1288,0,0,1288,0,0,0,100,0,0,blue
jour.1081893,The Journal of the Acoustical Society of America,105,1285,51,14539,139,8.838296994,998,220,287,0,415,363,1285,0,22.33463035,32.29571984,0,17.12062257,28.24902724,blue
jour.1081604,Water Resources Research,106,1270,206,0,206,0,894,498,376,0,235,161,1270,0,29.60629921,18.50393701,0,39.21259843,12.67716535,blue
jour.1127266,Journal of Computational Physics,107,1263,206,0,206,0,872,146,391,0,700,26,1263,0,30.95803642,55.42359462,0,11.55977831,2.058590657,blue
jour.1045551,Ecology and Evolution,108,1258,159,5668,46,22.1947777,1258,0,0,1258,0,0,1258,0,0,0,100,0,0,blue
jour.1298114,Physical Review Materials,109,1248,206,0,206,0,1115,0,133,0,441,674,1248,0,10.65705128,35.33653846,0,0,54.00641026,blue
jour.1044459,Frontiers in Physiology,110,1245,94,9096,89,13.68733509,1245,0,0,1245,0,0,1245,0,0,0,100,0,0,blue
jour.1008250,Antimicrobial Agents and Chemotherapy,111,1221,206,0,206,0,1221,72,0,0,947,202,1221,0,0,77.55937756,0,5.896805897,16.54381654,blue
jour.1094724,Vaccine,112,1219,166,5405,44,22.55319149,917,70,302,0,506,341,1219,0,24.77440525,41.50943396,0,5.742411813,27.97374897,blue
jour.1024954,BMC Public Health,113,1200,101,8563,82,14.01378022,1200,0,0,1200,0,0,1200,0,0,0,100,0,0,blue
jour.1327448,Frontiers in Neuroscience,114,1197,131,6813,63,17.56935271,1197,0,0,1194,3,0,1197,0,0,0.250626566,99.74937343,0,0,blue
jour.1033312,Sensors,115,1196,14,29163,191,4.101086994,1196,0,0,1196,0,0,1196,0,0,0,100,0,0,blue
jour.1157000,ACS Omega,116,1187,63,12830,134,9.251753702,1187,0,0,1187,0,0,1187,0,0,0,100,0,0,blue
jour.1430068,Annual International Conference of the IEEE Engineering in Medicine and Biology Society (EMBC),117,1179,121,7434,68,15.85956416,411,51,768,0,360,0,1179,0,65.13994911,30.53435115,0,4.325699746,0,blue
jour.1044693,BMJ Open,118,1175,34,18013,168,6.523066674,1175,0,0,1175,0,0,1175,0,0,0,100,0,0,blue
jour.1037994,PLOS Neglected Tropical Diseases,119,1170,201,4525,36,25.85635359,1170,0,0,1170,0,0,1170,0,0,0,100,0,0,blue
jour.1018818,Review of Scientific Instruments,120,1160,173,5249,47,22.09944751,842,11,318,0,759,72,1160,0,27.4137931,65.43103448,0,0.948275862,6.206896552,blue
jour.1358277,Soft Matter,121,1156,189,4911,41,23.53899409,547,15,609,0,452,80,1156,0,52.6816609,39.10034602,0,1.297577855,6.920415225,blue
jour.1052083,Journal of Geophysical Research - Oceans,122,1148,206,0,206,0,862,421,286,0,242,199,1148,0,24.91289199,21.08013937,0,36.67247387,17.33449477,blue
jour.1137748,Environmental Research Letters,122,1148,206,0,206,0,1148,0,0,1148,0,0,1148,0,0,0,100,0,0,blue
jour.1297489,Journal of Geophysical Research: Solid Earth,124,1141,206,0,206,0,810,428,331,0,251,131,1141,0,29.00964067,21.99824715,0,37.5109553,11.48115688,blue
jour.1117828,Molecular Cell,125,1140,206,0,206,0,1092,981,48,0,34,77,1140,0,4.210526316,2.98245614,0,86.05263158,6.754385965,blue
jour.1087001,Optics Letters,126,1136,114,7772,76,14.61657231,1024,0,112,0,141,883,1136,0,9.85915493,12.41197183,0,0,77.72887324,blue
jour.1018238,Neurology,127,1132,122,7415,73,15.26635199,997,123,135,0,706,168,1132,0,11.92579505,62.36749117,0,10.86572438,14.8409894,blue
jour.1047721,Journal of Materials Chemistry A,128,1123,66,12605,138,8.909163031,430,12,693,0,360,58,1123,0,61.70970614,32.0569902,0,1.06856634,5.164737311,blue
jour.1026143,Journal of Fluid Mechanics,129,1120,174,5212,50,21.48887183,508,21,612,0,368,119,1120,0,54.64285714,32.85714286,0,1.875,10.625,blue
jour.1034502,Journal of Chemical Theory and Computation,130,1112,206,0,206,0,710,8,402,0,635,67,1112,0,36.15107914,57.10431655,0,0.71942446,6.025179856,blue
jour.1312241,Nuclear Instruments and Methods in Physics Research Section A Accelerators Spectrometers Detectors and Associated Equipment,131,1110,181,5090,48,21.80746562,920,400,190,0,444,76,1110,0,17.11711712,40,0,36.03603604,6.846846847,blue
jour.1319505,iScience,131,1110,206,0,206,0,1110,0,0,1063,47,0,1110,0,0,4.234234234,95.76576577,0,0,blue
jour.1021332,Organic Letters,133,1098,89,9445,107,11.62519852,556,7,542,0,494,55,1098,0,49.36247723,44.99089253,0,0.637522769,5.009107468,blue
jour.1097054,American Journal of Preventive Medicine,134,1096,206,0,206,0,801,52,295,0,524,225,1096,0,26.91605839,47.81021898,0,4.744525547,20.52919708,blue
jour.1095465,Magnetic Resonance in Medicine,135,1095,206,0,206,0,933,63,162,0,787,83,1095,0,14.79452055,71.87214612,0,5.753424658,7.579908676,blue
jour.1017031,American Journal of Respiratory and Critical Care Medicine,136,1093,206,0,206,0,1038,5,55,0,771,262,1093,0,5.032021958,70.53979872,0,0.457456542,23.97072278,blue
jour.1284467,Blood Advances,137,1091,206,0,206,0,1082,200,9,760,118,4,1091,0,0.824931256,10.81576535,69.66086159,18.33180568,0.366636114,blue
jour.1062267,Journal of Medicinal Chemistry,138,1083,206,0,206,0,769,13,314,0,671,85,1083,0,28.99353647,61.95752539,0,1.200369344,7.84856879,blue
jour.1136887,PeerJ,139,1081,85,9842,115,10.98353993,1081,0,0,1081,0,0,1081,0,0,0,100,0,0,blue
jour.1081531,JAMA,140,1080,97,8920,102,12.10762332,854,563,226,0,285,6,1080,0,20.92592593,26.38888889,0,52.12962963,0.555555556,blue
jour.1014075,New England Journal of Medicine,140,1080,116,7752,85,13.93188854,902,571,178,0,331,0,1080,0,16.48148148,30.64814815,0,52.87037037,0,blue
jour.1312082,Journal of Climate,142,1079,206,0,206,0,893,479,186,0,109,305,1079,0,17.2381835,10.10194625,0,44.39295644,28.26691381,blue
jour.1009570,Circulation,143,1076,49,14917,160,7.213246631,1070,983,6,0,11,76,1076,0,0.557620818,1.022304833,0,91.35687732,7.063197026,blue
jour.1047660,Ecosphere,144,1070,206,0,206,0,1070,0,0,1070,0,0,1070,0,0,0,100,0,0,blue
jour.1086359,Investigative Ophthalmology & Visual Science,145,1068,206,0,206,0,1054,0,14,1053,1,0,1068,0,1.310861423,0.093632959,98.59550562,0,0,blue
jour.1017738,The Journal of Clinical Endocrinology & Metabolism,146,1060,206,0,206,0,1022,713,38,0,130,179,1060,0,3.58490566,12.26415094,0,67.26415094,16.88679245,blue
jour.1094748,Physics Letters B,147,1045,206,0,206,0,1045,0,0,1042,3,0,1045,0,0,0.28708134,99.71291866,0,0,blue
jour.1119070,Journal of Alzheimer's Disease,148,1043,206,0,206,0,824,61,219,0,666,97,1043,0,20.99712368,63.85426654,0,5.848513902,9.300095877,blue
jour.1295039,JAIDS Journal of Acquired Immune Deficiency Syndromes,149,1039,206,0,206,0,971,361,68,0,489,121,1039,0,6.544754572,47.06448508,0,34.74494706,11.64581328,blue
jour.1134141,Icarus,150,1033,206,0,206,0,526,65,507,0,340,121,1033,0,49.0803485,32.91384318,0,6.292352372,11.71345595,blue
jour.1055081,Journal of Allergy and Clinical Immunology,151,1025,123,7357,84,13.93230937,924,703,101,0,132,89,1025,0,9.853658537,12.87804878,0,68.58536585,8.682926829,blue
jour.1026116,Earth and Planetary Science Letters,152,1019,206,0,206,0,634,337,385,0,177,120,1019,0,37.78213935,17.36997056,0,33.07163886,11.77625123,blue
jour.1017616,Gastroenterology,153,1009,24,23069,188,4.373835017,919,476,90,0,355,88,1009,0,8.919722498,35.18334985,0,47.17542121,8.721506442,blue
jour.1045560,"G3: Genes, Genomes, Genetics",154,1003,206,0,206,0,1003,0,0,1003,0,0,1003,0,0,0,100,0,0,blue
jour.1077200,The Journal of Organic Chemistry,155,1000,111,7882,96,12.68713524,409,6,591,0,350,53,1000,0,59.1,35,0,0.6,5.3,blue
jour.1017874,Pediatrics,156,997,203,4412,43,22.59746147,824,72,173,0,751,1,997,0,17.35205617,75.32597793,0,7.221664995,0.100300903,blue
jour.1093746,Journal of the American College of Cardiology,157,995,15,27172,194,3.661857795,946,838,49,0,38,70,995,0,4.924623116,3.819095477,0,84.22110553,7.035175879,blue
jour.1114579,Chemistry - A European Journal,158,993,54,13609,157,7.296641928,576,242,417,0,283,51,993,0,41.9939577,28.49949648,0,24.37059416,5.135951662,blue
jour.1041454,Science Translational Medicine,159,988,206,0,206,0,768,3,220,0,765,0,988,0,22.26720648,77.4291498,0,0.303643725,0,blue
jour.1017754,The Journal of Pediatrics,160,987,206,0,206,0,754,205,233,0,531,18,987,0,23.60688956,53.7993921,0,20.77001013,1.823708207,blue
jour.1312104,Proceedings of SPIE,161,981,6,38719,200,2.533639815,692,2,289,0,690,0,981,0,29.45973496,70.33639144,0,0.203873598,0,blue
jour.1377324,Physical Review Research,162,971,206,0,206,0,969,0,2,959,10,0,971,0,0.205973223,1.029866117,98.76416066,0,0,blue
jour.1120732,Geochimica et Cosmochimica Acta,163,968,206,0,206,0,560,283,408,0,210,67,968,0,42.14876033,21.69421488,0,29.23553719,6.921487603,blue
jour.1023790,BMC Genomics,163,968,193,4838,55,20.00826788,968,0,0,968,0,0,968,0,0,0,100,0,0,blue
jour.1050465,Open Forum Infectious Diseases,163,968,60,12942,155,7.47952403,968,0,0,968,0,0,968,0,0,0,100,0,0,blue
jour.1085024,Addictive Behaviors,166,966,206,0,206,0,747,93,219,0,634,20,966,0,22.67080745,65.63146998,0,9.627329193,2.070393375,blue
jour.1099176,Neuropsychopharmacology,167,964,206,0,206,0,875,683,89,0,35,157,964,0,9.232365145,3.630705394,0,70.85062241,16.28630705,blue
jour.1399744,Biological Psychiatry,168,957,133,6791,79,14.09218083,658,27,299,0,529,102,957,0,31.24346917,55.276907,0,2.821316614,10.65830721,blue
jour.1126625,Journal of Nuclear Materials,168,957,206,0,206,0,726,404,231,0,306,16,957,0,24.13793103,31.97492163,0,42.21525601,1.671891327,blue
jour.1050424,Frontiers in Marine Science,170,956,163,5517,64,17.32825811,956,0,0,956,0,0,956,0,0,0,100,0,0,blue
jour.1048451,ACS Sustainable Chemistry & Engineering,171,951,98,8828,116,10.77254191,296,2,655,0,260,34,951,0,68.87486856,27.33964248,0,0.210304942,3.575184017,blue
jour.1045668,Frontiers in Plant Science,171,951,69,11520,147,8.255208333,951,0,0,951,0,0,951,0,0,0,100,0,0,blue
jour.1050249,Physical Review Applied,173,948,206,0,206,0,820,1,128,0,354,465,948,0,13.5021097,37.34177215,0,0.105485232,49.05063291,blue
jour.1005853,Circulation Research,174,943,206,0,206,0,936,876,7,0,14,46,943,0,0.742311771,1.484623542,0,92.89501591,4.87804878,blue
jour.1089762,Journal of Affective Disorders,175,938,162,5589,66,16.78296654,590,93,348,0,439,58,938,0,37.10021322,46.80170576,0,9.914712154,6.18336887,blue
jour.1013101,Stroke,176,934,78,10244,136,9.117532214,922,871,12,0,9,42,934,0,1.284796574,0.96359743,0,93.25481799,4.496788009,blue
jour.1046724,RSC Advances,177,932,21,25093,193,3.714183238,930,0,2,927,3,0,932,0,0.214592275,0.321888412,99.46351931,0,0,blue
jour.1096849,Development,178,916,206,0,206,0,901,117,15,0,141,643,916,0,1.637554585,15.3930131,0,12.77292576,70.19650655,blue
jour.1017622,Genetics,179,913,206,0,206,0,894,230,19,0,595,69,913,0,2.081051479,65.16976999,0,25.19167579,7.557502738,blue
jour.1044398,Frontiers in Neurology,180,904,112,7782,108,11.61655102,904,0,0,904,0,0,904,0,0,0,100,0,0,blue
jour.1100326,Molecular Biology of the Cell,181,900,206,0,206,0,899,198,1,0,138,563,900,0,0.111111111,15.33333333,0,22,62.55555556,blue
jour.1017753,Journal of Neurophysiology,182,894,206,0,206,0,854,579,40,0,244,31,894,0,4.474272931,27.29306488,0,64.76510067,3.467561521,blue
jour.1300829,Communications Biology,183,890,206,0,206,0,890,0,0,890,0,0,890,0,0,0,100,0,0,blue
jour.1044605,Genes,184,888,155,5752,72,15.43810848,888,0,0,888,0,0,888,0,0,0,100,0,0,blue
jour.1102504,Human Molecular Genetics,185,882,206,0,206,0,855,362,27,0,261,232,882,0,3.06122449,29.59183673,0,41.0430839,26.30385488,blue
jour.1020133,Medical Physics,186,881,206,0,206,0,681,112,200,0,516,53,881,0,22.7014756,58.56980704,0,12.71282633,6.015891033,blue
jour.1356686,mSphere,187,879,206,0,206,0,879,0,0,748,131,0,879,0,0,14.9032992,85.0967008,0,0,blue
jour.1090493,American Journal of Epidemiology,188,874,206,0,206,0,852,356,22,0,272,224,874,0,2.517162471,31.12128146,0,40.73226545,25.62929062,blue
jour.1093917,Hepatology,189,872,206,0,206,0,724,98,148,0,559,67,872,0,16.97247706,64.10550459,0,11.23853211,7.683486239,blue
jour.1097360,AIDS,190,871,206,0,206,0,792,234,79,0,490,68,871,0,9.070034443,56.25717566,0,26.86567164,7.807118255,blue
jour.1113743,The Journals of Gerontology Series A,191,868,206,0,206,0,823,281,45,0,389,153,868,0,5.184331797,44.8156682,0,32.37327189,17.62672811,blue
jour.1045144,Frontiers in Genetics,192,862,132,6804,97,12.66901822,862,0,0,862,0,0,862,0,0,0,100,0,0,blue
jour.1009554,Environmental Research,193,861,184,5077,65,16.95883396,614,118,247,0,422,74,861,0,28.68757259,49.01277584,0,13.70499419,8.594657375,blue
jour.1124767,IEEE Transactions on Information Theory,194,860,206,0,206,0,806,6,54,0,253,547,860,0,6.279069767,29.41860465,0,0.697674419,63.60465116,blue
jour.1045931,Remote Sensing of Environment,195,859,206,0,206,0,444,183,415,0,101,160,859,0,48.31199069,11.75785797,0,21.30384168,18.62630966,blue
jour.1013611,Infection and Immunity,195,859,206,0,206,0,858,44,1,0,727,87,859,0,0.116414435,84.63329453,0,5.122235157,10.12805588,blue
jour.1086802,Alcoholism Clinical and Experimental Research,197,855,206,0,206,0,764,10,91,0,722,32,855,0,10.64327485,84.44444444,0,1.169590643,3.742690058,blue
jour.1045696,Frontiers in Oncology,197,855,70,11470,156,7.454228422,855,0,0,855,0,0,855,0,0,0,100,0,0,blue
jour.1037414,ACS Chemical Biology,199,854,206,0,206,0,693,8,161,0,608,77,854,0,18.85245902,71.19437939,0,0.93676815,9.016393443,blue
jour.1312259,Proceedings of the Royal Society B,200,852,206,0,206,0,837,561,15,0,59,217,852,0,1.76056338,6.924882629,0,65.84507042,25.46948357,blue
jour.1101916,Cancer Epidemiology Biomarkers & Prevention,201,849,206,0,206,0,784,185,65,0,576,23,849,0,7.65606596,67.84452297,0,21.79034158,2.709069494,blue
jour.1047556,F1000Research,202,845,147,6094,87,13.8660978,845,0,0,845,0,0,845,0,0,0,100,0,0,blue
jour.1050997,eNeuro,203,840,206,0,206,0,840,0,0,839,1,0,840,0,0,0.119047619,99.88095238,0,0,blue
jour.1085241,Applied and Environmental Microbiology,204,829,206,0,206,0,825,36,4,0,665,124,829,0,0.482509047,80.21712907,0,4.342581423,14.95778046,blue
jour.1398516,Water,205,828,62,12854,169,6.441574607,828,0,0,828,0,0,828,0,0,0,100,0,0,blue
jour.1023786,BMC Bioinformatics,206,827,206,0,206,0,827,0,0,827,0,0,827,0,0,0,100,0,0,blue
jour.1103715,Diabetes Care,207,823,206,0,206,0,791,219,32,0,571,1,823,0,3.888213852,69.38031592,0,26.60996355,0.121506683,blue
jour.1126647,New Phytologist,208,820,206,0,206,0,670,449,150,0,95,126,820,0,18.29268293,11.58536585,0,54.75609756,15.36585366,blue
jour.1044598,Frontiers in Psychology,209,812,32,18404,187,4.412084329,812,0,0,812,0,0,812,0,0,0,100,0,0,blue
jour.1029519,Applied Energy,210,811,103,8407,128,9.646722969,526,293,285,0,183,50,811,0,35.14180025,22.5647349,0,36.12823674,6.165228113,blue
jour.1049971,Frontiers in Cell and Developmental Biology,211,809,145,6199,92,13.05049201,807,0,2,806,1,0,809,0,0.247218789,0.123609394,99.62917182,0,0,blue
jour.1018310,Physics in Medicine and Biology,212,807,206,0,206,0,580,1,227,0,544,35,807,0,28.12887237,67.41016109,0,0.123915737,4.337050805,blue
jour.1077137,Journal of Bacteriology,213,794,206,0,206,0,794,53,0,0,687,54,794,0,0,86.52392947,0,6.675062972,6.801007557,blue
jour.1115540,Molecular Psychiatry,214,792,206,0,206,0,713,36,79,0,384,293,792,0,9.974747475,48.48484848,0,4.545454545,36.99494949,blue
jour.1312129,American Journal of Public Health,214,792,206,0,206,0,724,0,68,0,724,0,792,0,8.585858586,91.41414141,0,0,0,blue
jour.1327770,Cerebral Cortex,214,792,206,0,206,0,767,253,25,0,354,160,792,0,3.156565657,44.6969697,0,31.94444444,20.2020202,blue
jour.1017735,Journal of Cell Biology,217,791,206,0,206,0,791,3,0,0,0,788,791,0,0,0,0,0.379266751,99.62073325,blue
jour.1097543,Oncogene,218,783,206,0,206,0,693,6,90,0,491,196,783,0,11.49425287,62.70753512,0,0.766283525,25.03192848,blue
jour.1034525,Acta Biomaterialia,219,782,206,0,206,0,563,98,219,0,434,31,782,0,28.00511509,55.49872123,0,12.53196931,3.964194373,blue
jour.1091971,Journal of Adolescent Health,220,771,206,0,206,0,593,126,178,0,399,68,771,0,23.08690013,51.75097276,0,16.34241245,8.819714656,blue
jour.1005854,Hypertension,221,770,206,0,206,0,758,694,12,0,12,52,770,0,1.558441558,1.558441558,0,90.12987013,6.753246753,blue
jour.1013500,Journal of Experimental Biology,222,767,206,0,206,0,688,99,79,0,78,511,767,0,10.29986962,10.16949153,0,12.90743155,66.6232073,blue
jour.1088587,Environment International,222,767,206,0,206,0,736,2,31,559,124,51,767,0,4.041720991,16.16688396,72.88135593,0.260756193,6.64928292,blue
jour.1030151,Forest Ecology and Management,224,764,206,0,206,0,336,264,428,0,44,28,764,0,56.02094241,5.759162304,0,34.55497382,3.664921466,blue
jour.1119333,Nicotine & Tobacco Research,225,762,206,0,206,0,730,118,32,0,483,129,762,0,4.199475066,63.38582677,0,15.4855643,16.92913386,blue
jour.1029373,Developmental Cell,225,762,206,0,206,0,740,698,22,0,12,30,762,0,2.887139108,1.57480315,0,91.60104987,3.937007874,blue
jour.1152687,Physical Review Fluids,227,760,206,0,206,0,620,4,140,0,186,430,760,0,18.42105263,24.47368421,0,0.526315789,56.57894737,blue
jour.1005600,Ecology,228,759,206,0,206,0,446,215,313,0,166,65,759,0,41.23847167,21.87088274,0,28.32674572,8.563899868,blue
jour.1046556,Sustainability,228,759,5,39656,205,1.913960056,759,0,0,759,0,0,759,0,0,0,100,0,0,blue
jour.1136971,Nuclear Fusion,230,753,206,0,206,0,570,1,183,0,509,60,753,0,24.30278884,67.59628154,0,0.132802125,7.96812749,blue
jour.1044173,Biomedical Optics Express,231,750,206,0,206,0,750,0,0,750,0,0,750,0,0,0,100,0,0,blue
jour.1313398,IEEE Robotics and Automation Letters,232,749,206,0,206,0,516,8,233,0,239,269,749,0,31.10814419,31.90921228,0,1.068090788,35.91455274,blue
jour.1312031,The Journal of Physiology,232,749,206,0,206,0,705,417,44,0,237,51,749,0,5.874499332,31.64218959,0,55.67423231,6.809078772,blue
jour.1132303,Global Change Biology,234,746,206,0,206,0,478,174,268,0,207,97,746,0,35.92493298,27.74798928,0,23.32439678,13.00268097,blue
jour.1093956,Social Science & Medicine,234,746,206,0,206,0,558,114,188,0,376,68,746,0,25.20107239,50.40214477,0,15.28150134,9.115281501,blue
jour.1097771,Endocrinology,234,746,206,0,206,0,722,554,24,0,68,100,746,0,3.217158177,9.115281501,0,74.26273458,13.40482574,blue
jour.1105545,Annals of Surgical Oncology,237,744,169,5348,86,13.91174271,515,78,229,0,401,36,744,0,30.77956989,53.89784946,0,10.48387097,4.838709677,blue
jour.1027733,Dalton Transactions,238,743,90,9331,150,7.962704962,264,0,479,0,235,29,743,0,64.46837147,31.62853297,0,0,3.903095559,blue
jour.1012865,CHEST Journal,239,742,64,12639,175,5.87071762,645,280,97,0,316,49,742,0,13.07277628,42.58760108,0,37.73584906,6.603773585,blue
jour.1032549,PLOS Biology,240,740,206,0,206,0,740,0,0,740,0,0,740,0,0,0,100,0,0,blue
jour.1126601,Industrial & Engineering Chemistry Research,240,740,95,9071,149,8.157865726,0,0,0,0,0,0,0,-740,0,0,0,0,0,blue
jour.1022098,AJP Heart and Circulatory Physiology,242,737,206,0,206,0,0,0,0,0,0,0,0,-737,0,0,0,0,0,blue
jour.1033564,IEEE Transactions on Power Systems,242,737,206,0,206,0,0,0,0,0,0,0,0,-737,0,0,0,0,0,blue
jour.1077105,Journal of Molecular Biology,244,736,206,0,206,0,0,0,0,0,0,0,0,-736,0,0,0,0,0,blue
jour.1077126,Journal of Experimental Medicine,245,734,206,0,206,0,0,0,0,0,0,0,0,-734,0,0,0,0,0,blue
jour.1097145,Biomaterials,245,734,206,0,206,0,0,0,0,0,0,0,0,-734,0,0,0,0,0,blue
jour.1008403,Advances in Experimental Medicine and Biology,247,730,130,6848,117,10.66004673,0,0,0,0,0,0,0,-730,0,0,0,0,0,blue
jour.1023202,The Astrophysical Journal Supplement Series,247,730,206,0,206,0,0,0,0,0,0,0,0,-730,0,0,0,0,0,blue
jour.1356569,American Journal of Physiology. Renal physiology,249,728,206,0,206,0,0,0,0,0,0,0,0,-728,0,0,0,0,0,blue
jour.1045519,AIP Advances,250,727,117,7722,132,9.414659415,0,0,0,0,0,0,0,-727,0,0,0,0,0,blue
jour.1113716,Nature Medicine,251,724,206,0,206,0,0,0,0,0,0,0,0,-724,0,0,0,0,0,blue
jour.1093461,Statistics in Medicine,252,721,206,0,206,0,0,0,0,0,0,0,0,-721,0,0,0,0,0,blue
jour.1036439,Obesity,253,720,206,0,206,0,0,0,0,0,0,0,0,-720,0,0,0,0,0,blue
jour.1100952,Arteriosclerosis Thrombosis and Vascular Biology,254,718,206,0,206,0,0,0,0,0,0,0,0,-718,0,0,0,0,0,blue
jour.1150266,ACS Energy Letters,254,718,206,0,206,0,0,0,0,0,0,0,0,-718,0,0,0,0,0,blue
jour.1031710,Clinical Gastroenterology and Hepatology,256,714,206,0,206,0,0,0,0,0,0,0,0,-714,0,0,0,0,0,blue
jour.1077143,Journal of Dairy Science,257,710,180,5123,88,13.85906695,0,0,0,0,0,0,0,-710,0,0,0,0,0,blue
jour.1312044,Biochemical and Biophysical Research Communications,258,708,86,9780,158,7.239263804,0,0,0,0,0,0,0,-708,0,0,0,0,0,blue
jour.1045271,Translational Psychiatry,259,705,206,0,206,0,0,0,0,0,0,0,0,-705,0,0,0,0,0,blue
jour.1015263,Preventive Medicine,260,704,206,0,206,0,0,0,0,0,0,0,0,-704,0,0,0,0,0,blue
jour.1033500,IEEE Transactions on Automatic Control,261,703,206,0,206,0,0,0,0,0,0,0,0,-703,0,0,0,0,0,blue
jour.1298739,ACS Applied Energy Materials,262,702,191,4843,77,14.49514764,0,0,0,0,0,0,0,-702,0,0,0,0,0,blue
jour.1047750,The Journal of Allergy and Clinical Immunology In Practice,263,698,206,0,206,0,0,0,0,0,0,0,0,-698,0,0,0,0,0,blue
jour.1312070,Journal of Medical Internet Research,264,697,206,0,206,0,0,0,0,0,0,0,0,-697,0,0,0,0,0,blue
jour.1040436,Transportation Research Record Journal of the Transportation Research Board,265,694,206,0,206,0,0,0,0,0,0,0,0,-694,0,0,0,0,0,blue
jour.1126746,Journal of Hydrology,266,688,172,5282,93,13.02536918,0,0,0,0,0,0,0,-688,0,0,0,0,0,blue
jour.1099724,AIDS Care,267,687,206,0,206,0,0,0,0,0,0,0,0,-687,0,0,0,0,0,blue
jour.1430192,Applied Sciences,268,686,11,31303,204,2.191483244,0,0,0,0,0,0,0,-686,0,0,0,0,0,blue
jour.1025004,American Journal of Transplantation,269,684,206,0,206,0,0,0,0,0,0,0,0,-684,0,0,0,0,0,blue
jour.1297149,Contemporary Clinical Trials,270,682,206,0,206,0,0,0,0,0,0,0,0,-682,0,0,0,0,0,blue
jour.1013165,Neuropharmacology,271,680,206,0,206,0,0,0,0,0,0,0,0,-680,0,0,0,0,0,blue
jour.1047740,NeuroImage Clinical,272,676,206,0,206,0,0,0,0,0,0,0,0,-676,0,0,0,0,0,blue
jour.1044941,Advanced Energy Materials,273,674,206,0,206,0,0,0,0,0,0,0,0,-674,0,0,0,0,0,blue
jour.1085033,International Journal of Radiation Oncology • Biology • Physics,273,674,44,15748,189,4.27990856,0,0,0,0,0,0,0,-674,0,0,0,0,0,blue
jour.1100708,Journal of the American Society of Nephrology,275,673,206,0,206,0,0,0,0,0,0,0,0,-673,0,0,0,0,0,blue
jour.1102936,Molecular Ecology,275,673,206,0,206,0,0,0,0,0,0,0,0,-673,0,0,0,0,0,blue
jour.1136883,AIAA Journal,275,673,206,0,206,0,0,0,0,0,0,0,0,-673,0,0,0,0,0,blue
jour.1029963,Journal of Proteome Research,278,671,206,0,206,0,0,0,0,0,0,0,0,-671,0,0,0,0,0,blue
jour.1016342,Critical Care Medicine,279,670,71,11342,174,5.907247399,0,0,0,0,0,0,0,-670,0,0,0,0,0,blue
jour.1103138,Nature Genetics,279,670,206,0,206,0,0,0,0,0,0,0,0,-670,0,0,0,0,0,blue
jour.1118362,Nature Neuroscience,281,668,206,0,206,0,0,0,0,0,0,0,0,-668,0,0,0,0,0,blue
jour.1358156,International Journal of Cancer,282,667,206,0,206,0,0,0,0,0,0,0,0,-667,0,0,0,0,0,blue
jour.1015185,Chemosphere,283,666,53,14266,186,4.668442451,0,0,0,0,0,0,0,-666,0,0,0,0,0,blue
jour.1327376,Applied Optics,283,666,118,7621,140,8.739010629,0,0,0,0,0,0,0,-666,0,0,0,0,0,blue
jour.1050984,EBioMedicine,285,665,206,0,206,0,0,0,0,0,0,0,0,-665,0,0,0,0,0,blue
jour.1048290,Journal of Clinical Medicine,286,664,57,13269,184,5.004145,0,0,0,0,0,0,0,-664,0,0,0,0,0,blue
jour.1105433,Human Brain Mapping,287,663,206,0,206,0,0,0,0,0,0,0,0,-663,0,0,0,0,0,blue
jour.1111851,Journal of the American Medical Informatics Association,287,663,206,0,206,0,0,0,0,0,0,0,0,-663,0,0,0,0,0,blue
jour.1412807,Diabetes,289,660,73,10756,172,6.136110078,0,0,0,0,0,0,0,-660,0,0,0,0,0,blue
jour.1041821,Journal of Alloys and Compounds,290,659,25,22533,199,2.924599476,0,0,0,0,0,0,0,-659,0,0,0,0,0,blue
jour.1048375,Physiological Reports,290,659,206,0,206,0,0,0,0,0,0,0,0,-659,0,0,0,0,0,blue
jour.1034711,Small,292,656,129,6893,130,9.516901204,0,0,0,0,0,0,0,-656,0,0,0,0,0,blue
jour.1412139,Transplantation and Cellular Therapy,292,656,177,5162,95,12.70825262,0,0,0,0,0,0,0,-656,0,0,0,0,0,blue
jour.1017013,American Journal of Obstetrics and Gynecology,294,655,87,9558,162,6.852898096,0,0,0,0,0,0,0,-655,0,0,0,0,0,blue
jour.1041790,Computer Methods in Applied Mechanics and Engineering,294,655,206,0,206,0,0,0,0,0,0,0,0,-655,0,0,0,0,0,blue
jour.1358061,Journal of Investigative Dermatology,296,651,88,9539,164,6.824614739,0,0,0,0,0,0,0,-651,0,0,0,0,0,blue
jour.1017832,Journal of Surgical Research,297,649,206,0,206,0,0,0,0,0,0,0,0,-649,0,0,0,0,0,blue
jour.1046960,Frontiers in Cellular and Infection Microbiology,297,649,206,0,206,0,0,0,0,0,0,0,0,-649,0,0,0,0,0,blue
jour.1017256,JAMA Internal Medicine,299,647,206,0,206,0,0,0,0,0,0,0,0,-647,0,0,0,0,0,blue
jour.1023439,Genome Biology,300,646,206,0,206,0,0,0,0,0,0,0,0,-646,0,0,0,0,0,blue
jour.1298581,ACS Applied Nano Materials,300,646,204,4409,75,14.65184849,0,0,0,0,0,0,0,-646,0,0,0,0,0,blue
jour.1412820,Annals of the American Thoracic Society,300,646,206,0,206,0,0,0,0,0,0,0,0,-646,0,0,0,0,0,blue
jour.1049631,Climate Dynamics,303,645,206,0,206,0,0,0,0,0,0,0,0,-645,0,0,0,0,0,blue
jour.1114184,Emerging Infectious Diseases,304,643,206,0,206,0,0,0,0,0,0,0,0,-643,0,0,0,0,0,blue
jour.1095144,Journal of Substance Abuse Treatment,305,642,206,0,206,0,0,0,0,0,0,0,0,-642,0,0,0,0,0,blue
jour.1050262,ACS Photonics,306,641,206,0,206,0,0,0,0,0,0,0,0,-641,0,0,0,0,0,blue
jour.1049386,Atmospheric Measurement Techniques,307,638,206,0,206,0,0,0,0,0,0,0,0,-638,0,0,0,0,0,blue
jour.1398497,Developmental Biology,308,636,206,0,206,0,0,0,0,0,0,0,0,-636,0,0,0,0,0,blue
jour.1049394,European Physical Journal C,309,635,170,5335,103,11.90253046,0,0,0,0,0,0,0,-635,0,0,0,0,0,blue
jour.1091979,Neurobiology of Aging,310,629,206,0,206,0,0,0,0,0,0,0,0,-629,0,0,0,0,0,blue
jour.1017830,Journal of Speech Language and Hearing Research,311,628,206,0,206,0,0,0,0,0,0,0,0,-628,0,0,0,0,0,blue
jour.1029977,Lab on a Chip,311,628,206,0,206,0,0,0,0,0,0,0,0,-628,0,0,0,0,0,blue
jour.1112054,Immunity,311,628,206,0,206,0,0,0,0,0,0,0,0,-628,0,0,0,0,0,blue
jour.1085139,Neuroscience,314,624,206,0,206,0,0,0,0,0,0,0,0,-624,0,0,0,0,0,blue
jour.1121212,IEEE Transactions on Signal Processing,315,622,206,0,206,0,0,0,0,0,0,0,0,-622,0,0,0,0,0,blue
jour.1006098,Journal of Cell Science,316,621,206,0,206,0,0,0,0,0,0,0,0,-621,0,0,0,0,0,blue
jour.1009619,Journal of the American Statistical Association,316,621,206,0,206,0,0,0,0,0,0,0,0,-621,0,0,0,0,0,blue
jour.1052086,Journal of Geophysical Research Planets,316,621,206,0,206,0,0,0,0,0,0,0,0,-621,0,0,0,0,0,blue
jour.1327455,International Journal of Heat and Mass Transfer,316,621,110,7885,152,7.87571338,0,0,0,0,0,0,0,-621,0,0,0,0,0,blue
jour.1049048,Journal of Geophysical Research Biogeosciences,320,620,206,0,206,0,0,0,0,0,0,0,0,-620,0,0,0,0,0,blue
jour.1135200,Combustion and Flame,321,619,206,0,206,0,0,0,0,0,0,0,0,-619,0,0,0,0,0,blue
jour.1038488,Cell Host & Microbe,322,618,206,0,206,0,0,0,0,0,0,0,0,-618,0,0,0,0,0,blue
jour.1398513,Advances in Mathematics,323,615,206,0,206,0,0,0,0,0,0,0,0,-615,0,0,0,0,0,blue
jour.1034535,Cell Metabolism,324,614,206,0,206,0,0,0,0,0,0,0,0,-614,0,0,0,0,0,blue
jour.1017305,Brain,325,613,206,0,206,0,0,0,0,0,0,0,0,-613,0,0,0,0,0,blue
jour.1032656,Pediatric Blood & Cancer,325,613,206,0,206,0,0,0,0,0,0,0,0,-613,0,0,0,0,0,blue
jour.1412985,American Journal of Clinical Nutrition,327,612,206,0,206,0,0,0,0,0,0,0,0,-612,0,0,0,0,0,blue
jour.1033615,IEEE Transactions on Geoscience and Remote Sensing,328,610,192,4839,98,12.60591031,0,0,0,0,0,0,0,-610,0,0,0,0,0,blue
jour.1137514,Energies,329,605,19,26139,202,2.314549141,0,0,0,0,0,0,0,-605,0,0,0,0,0,blue
jour.1017021,American Journal of Tropical Medicine and Hygiene,330,604,206,0,206,0,0,0,0,0,0,0,0,-604,0,0,0,0,0,blue
jour.1050420,Physical Review X,330,604,206,0,206,0,0,0,0,0,0,0,0,-604,0,0,0,0,0,blue
jour.1010127,Accounts of Chemical Research,332,603,206,0,206,0,0,0,0,0,0,0,0,-603,0,0,0,0,0,blue
jour.1095198,Molecular Biology and Evolution,332,603,206,0,206,0,0,0,0,0,0,0,0,-603,0,0,0,0,0,blue
jour.1089909,Journal of the American Academy of Dermatology,334,602,74,10698,179,5.627220041,0,0,0,0,0,0,0,-602,0,0,0,0,0,blue
jour.1042951,Journal of Power Sources,335,601,136,6502,135,9.243309751,0,0,0,0,0,0,0,-601,0,0,0,0,0,blue
jour.1044455,Frontiers in Pharmacology,335,601,75,10674,178,5.630504028,0,0,0,0,0,0,0,-601,0,0,0,0,0,blue
jour.1017012,American Journal of Human Genetics,337,599,206,0,206,0,0,0,0,0,0,0,0,-599,0,0,0,0,0,blue
jour.1099877,American Journal of Respiratory Cell and Molecular Biology,337,599,206,0,206,0,0,0,0,0,0,0,0,-599,0,0,0,0,0,blue
jour.1097065,Leukemia,339,598,206,0,206,0,0,0,0,0,0,0,0,-598,0,0,0,0,0,blue
jour.1018580,Journal of Nutrition,340,596,206,0,206,0,0,0,0,0,0,0,0,-596,0,0,0,0,0,blue
jour.1125125,Organometallics,341,595,206,0,206,0,0,0,0,0,0,0,0,-595,0,0,0,0,0,blue
jour.1358108,Journal of the National Cancer Institute,341,595,206,0,206,0,0,0,0,0,0,0,0,-595,0,0,0,0,0,blue
jour.1049249,Journal for ImmunoTherapy of Cancer,343,594,206,0,206,0,0,0,0,0,0,0,0,-594,0,0,0,0,0,blue
jour.1041745,Journal of the American Ceramic Society,344,593,206,0,206,0,0,0,0,0,0,0,0,-593,0,0,0,0,0,blue
jour.1132096,Atmospheric Environment,344,593,206,0,206,0,0,0,0,0,0,0,0,-593,0,0,0,0,0,blue
jour.1030157,Molecular Cancer Therapeutics,346,592,206,0,206,0,0,0,0,0,0,0,0,-592,0,0,0,0,0,blue
jour.1038065,Materials Science and Engineering A,346,592,125,7214,148,8.206265595,0,0,0,0,0,0,0,-592,0,0,0,0,0,blue
jour.1052228,Forests,348,591,161,5656,119,10.44908062,0,0,0,0,0,0,0,-591,0,0,0,0,0,blue
jour.1092777,Breast Cancer Research and Treatment,348,591,206,0,206,0,0,0,0,0,0,0,0,-591,0,0,0,0,0,blue
jour.1119411,Genetics in Medicine,350,590,206,0,206,0,0,0,0,0,0,0,0,-590,0,0,0,0,0,blue
jour.1033592,IEEE Transactions on Wireless Communications,351,589,206,0,206,0,0,0,0,0,0,0,0,-589,0,0,0,0,0,blue
jour.1007352,Pediatric Research,352,588,206,0,206,0,0,0,0,0,0,0,0,-588,0,0,0,0,0,blue
jour.1098046,Environmental Pollution,352,588,96,8950,166,6.569832402,0,0,0,0,0,0,0,-588,0,0,0,0,0,blue
jour.1136924,Journal of the Atmospheric Sciences,352,588,206,0,206,0,0,0,0,0,0,0,0,-588,0,0,0,0,0,blue
jour.1012064,Methods in Enzymology,355,587,206,0,206,0,0,0,0,0,0,0,0,-587,0,0,0,0,0,blue
jour.1044353,Frontiers in Psychiatry,355,587,146,6193,131,9.478443404,0,0,0,0,0,0,0,-587,0,0,0,0,0,blue
jour.1017014,American Journal of Ophthalmology,357,586,206,0,206,0,0,0,0,0,0,0,0,-586,0,0,0,0,0,blue
jour.1097961,Schizophrenia Research,357,586,206,0,206,0,0,0,0,0,0,0,0,-586,0,0,0,0,0,blue
jour.1136879,Monthly Weather Review,359,585,206,0,206,0,0,0,0,0,0,0,0,-585,0,0,0,0,0,blue
jour.1430755,Atmosphere,359,585,196,4741,100,12.33916895,0,0,0,0,0,0,0,-585,0,0,0,0,0,blue
jour.1030597,Malaria Journal,361,580,206,0,206,0,0,0,0,0,0,0,0,-580,0,0,0,0,0,blue
jour.1095180,Journal of Neurotrauma,361,580,206,0,206,0,0,0,0,0,0,0,0,-580,0,0,0,0,0,blue
jour.1000907,Addiction,363,579,206,0,206,0,0,0,0,0,0,0,0,-579,0,0,0,0,0,blue
jour.1036729,Clinical Journal of the American Society of Nephrology,364,578,206,0,206,0,0,0,0,0,0,0,0,-578,0,0,0,0,0,blue
jour.1016705,Gynecologic Oncology,365,577,160,5663,122,10.18894579,0,0,0,0,0,0,0,-577,0,0,0,0,0,blue
jour.1017950,Journal of Applied Physiology,365,577,206,0,206,0,0,0,0,0,0,0,0,-577,0,0,0,0,0,blue
jour.1090630,Psychiatry Research,365,577,206,0,206,0,0,0,0,0,0,0,0,-577,0,0,0,0,0,blue
jour.1054668,Journal of Autism and Developmental Disorders,368,576,206,0,206,0,0,0,0,0,0,0,0,-576,0,0,0,0,0,blue
jour.1040261,Journal of the International AIDS Society,369,575,206,0,206,0,0,0,0,0,0,0,0,-575,0,0,0,0,0,blue
jour.1036793,Military Medicine,370,573,206,0,206,0,0,0,0,0,0,0,0,-573,0,0,0,0,0,blue
jour.1044865,Frontiers in Endocrinology,370,573,182,5080,112,11.27952756,0,0,0,0,0,0,0,-573,0,0,0,0,0,blue
jour.1043058,ACS Chemical Neuroscience,372,571,206,0,206,0,0,0,0,0,0,0,0,-571,0,0,0,0,0,blue
jour.1097694,Brain Behavior and Immunity,372,571,206,0,206,0,0,0,0,0,0,0,0,-571,0,0,0,0,0,blue
jour.1113568,Neurobiology of Disease,374,570,206,0,206,0,0,0,0,0,0,0,0,-570,0,0,0,0,0,blue
jour.1022099,American Journal of Physiology - Lung Cellular and Molecular Physiology,375,569,206,0,206,0,0,0,0,0,0,0,0,-569,0,0,0,0,0,blue
jour.1032123,Philosophical Transactions of the Royal Society B Biological Sciences,376,567,206,0,206,0,0,0,0,0,0,0,0,-567,0,0,0,0,0,blue
jour.1033315,Carbon,376,567,156,5740,124,9.87804878,0,0,0,0,0,0,0,-567,0,0,0,0,0,blue
jour.1051466,JAMA Oncology,378,566,206,0,206,0,0,0,0,0,0,0,0,-566,0,0,0,0,0,blue
jour.1057026,The Annals of Thoracic Surgery,379,565,154,5893,129,9.58764636,0,0,0,0,0,0,0,-565,0,0,0,0,0,blue
jour.1095411,Bone,379,565,206,0,206,0,0,0,0,0,0,0,0,-565,0,0,0,0,0,blue
jour.1038948,New Journal of Physics,381,564,206,0,206,0,0,0,0,0,0,0,0,-564,0,0,0,0,0,blue
jour.1094494,Journal of Orthopaedic Research®,381,564,206,0,206,0,0,0,0,0,0,0,0,-564,0,0,0,0,0,blue
jour.1141598,Journal of Advances in Modeling Earth Systems,383,563,206,0,206,0,0,0,0,0,0,0,0,-563,0,0,0,0,0,blue
jour.1327417,BMC Health Services Research,383,563,167,5403,121,10.42013696,0,0,0,0,0,0,0,-563,0,0,0,0,0,blue
jour.1007697,Water Research,385,561,188,4946,111,11.34249899,0,0,0,0,0,0,0,-561,0,0,0,0,0,blue
jour.1044868,Materials,385,561,26,22328,201,2.512540308,0,0,0,0,0,0,0,-561,0,0,0,0,0,blue
jour.1052077,Geochemistry Geophysics Geosystems,387,559,206,0,206,0,0,0,0,0,0,0,0,-559,0,0,0,0,0,blue
jour.1010158,Journal of Biomechanics,388,558,206,0,206,0,0,0,0,0,0,0,0,-558,0,0,0,0,0,blue
jour.1051609,ACS Biomaterials Science & Engineering,389,557,206,0,206,0,0,0,0,0,0,0,0,-557,0,0,0,0,0,blue
jour.1051634,Data in Brief,389,557,137,6496,142,8.574507389,0,0,0,0,0,0,0,-557,0,0,0,0,0,blue
jour.1092859,Toxicological Sciences,389,557,206,0,206,0,0,0,0,0,0,0,0,-557,0,0,0,0,0,blue
jour.1047694,Biomolecules,392,556,195,4831,109,11.50900435,0,0,0,0,0,0,0,-556,0,0,0,0,0,blue
jour.1017225,Annals of Surgery,393,555,206,0,206,0,0,0,0,0,0,0,0,-555,0,0,0,0,0,blue
jour.1044923,Fuel,393,555,80,10222,181,5.429465858,0,0,0,0,0,0,0,-555,0,0,0,0,0,blue
jour.1100508,Journal of The American Society for Mass Spectrometry,395,553,206,0,206,0,0,0,0,0,0,0,0,-553,0,0,0,0,0,blue
jour.1091177,Behavioural Brain Research,396,552,206,0,206,0,0,0,0,0,0,0,0,-552,0,0,0,0,0,blue
jour.1147513,Additive Manufacturing,397,551,206,0,206,0,0,0,0,0,0,0,0,-551,0,0,0,0,0,blue
jour.1312114,Journal of Materials Chemistry C,397,551,108,8057,163,6.838773737,0,0,0,0,0,0,0,-551,0,0,0,0,0,blue
jour.1031859,Journal of Physics Condensed Matter,399,550,200,4663,106,11.79498177,0,0,0,0,0,0,0,-550,0,0,0,0,0,blue
jour.1024946,BMC Infectious Diseases,400,546,190,4862,113,11.22994652,0,0,0,0,0,0,0,-546,0,0,0,0,0,blue
jour.1033763,Nature Methods,401,545,206,0,206,0,0,0,0,0,0,0,0,-545,0,0,0,0,0,blue
jour.1051417,Nano Energy,401,545,197,4740,110,11.4978903,0,0,0,0,0,0,0,-545,0,0,0,0,0,blue
jour.1091573,Infection Control and Hospital Epidemiology,401,545,206,0,206,0,0,0,0,0,0,0,0,-545,0,0,0,0,0,blue
jour.1127675,Chemical Engineering Journal,404,543,48,15055,195,3.606775158,0,0,0,0,0,0,0,-543,0,0,0,0,0,blue
jour.1412883,Molecular Cancer Research,405,542,206,0,206,0,0,0,0,0,0,0,0,-542,0,0,0,0,0,blue
jour.1034467,Alzheimer's & Dementia,406,541,55,13530,192,3.998521803,0,0,0,0,0,0,0,-541,0,0,0,0,0,blue
jour.1085440,Psychopharmacology,406,541,206,0,206,0,0,0,0,0,0,0,0,-541,0,0,0,0,0,blue
jour.1313329,Journal of Thoracic and Cardiovascular Surgery,406,541,106,8237,167,6.567925215,0,0,0,0,0,0,0,-541,0,0,0,0,0,blue
jour.1042939,Cell Death & Disease,409,540,183,5078,118,10.63410792,0,0,0,0,0,0,0,-540,0,0,0,0,0,blue
jour.1047176,IEEE Transactions on Smart Grid,409,540,206,0,206,0,0,0,0,0,0,0,0,-540,0,0,0,0,0,blue
jour.1046153,ACS Synthetic Biology,411,539,206,0,206,0,0,0,0,0,0,0,0,-539,0,0,0,0,0,blue
jour.1297467,Journal of the Academy of Nutrition and Dietetics,411,539,206,0,206,0,0,0,0,0,0,0,0,-539,0,0,0,0,0,blue
jour.1319923,Physics of Fluids,411,539,164,5488,126,9.821428571,0,0,0,0,0,0,0,-539,0,0,0,0,0,blue
jour.1018314,Plant Physiology,414,537,206,0,206,0,0,0,0,0,0,0,0,-537,0,0,0,0,0,blue
jour.1096382,Journal of Controlled Release,414,537,206,0,206,0,0,0,0,0,0,0,0,-537,0,0,0,0,0,blue
jour.1088755,Sleep,416,534,128,7033,154,7.592776909,0,0,0,0,0,0,0,-534,0,0,0,0,0,blue
jour.1122766,SIAM Journal on Scientific Computing,416,534,206,0,206,0,0,0,0,0,0,0,0,-534,0,0,0,0,0,blue
jour.1035078,Nanotechnology,418,533,140,6454,145,8.258444376,0,0,0,0,0,0,0,-533,0,0,0,0,0,blue
jour.1101155,Annals of Internal Medicine,418,533,205,4380,101,12.16894977,0,0,0,0,0,0,0,-533,0,0,0,0,0,blue
jour.1084078,Pain,420,532,206,0,206,0,0,0,0,0,0,0,0,-532,0,0,0,0,0,blue
jour.1030059,Cancer Cell,421,531,206,0,206,0,0,0,0,0,0,0,0,-531,0,0,0,0,0,blue
jour.1017016,American Journal Of Pathology,422,530,206,0,206,0,0,0,0,0,0,0,0,-530,0,0,0,0,0,blue
jour.1040224,Frontiers in Cellular Neuroscience,423,529,206,0,206,0,0,0,0,0,0,0,0,-529,0,0,0,0,0,blue
jour.1137015,Computational Materials Science,423,529,206,0,206,0,0,0,0,0,0,0,0,-529,0,0,0,0,0,blue
jour.1012806,Medical Care,425,528,206,0,206,0,0,0,0,0,0,0,0,-528,0,0,0,0,0,blue
jour.1049675,Microorganisms,425,528,157,5696,133,9.269662921,0,0,0,0,0,0,0,-528,0,0,0,0,0,blue
jour.1050678,Scientific Data,427,527,206,0,206,0,0,0,0,0,0,0,0,-527,0,0,0,0,0,blue
jour.1077219,The Lancet,428,526,91,9251,177,5.685871798,0,0,0,0,0,0,0,-526,0,0,0,0,0,blue
jour.1399822,Arthritis & Rheumatology,428,526,206,0,206,0,0,0,0,0,0,0,0,-526,0,0,0,0,0,blue
jour.1045210,Cancer Discovery,430,525,206,0,206,0,0,0,0,0,0,0,0,-525,0,0,0,0,0,blue
jour.1024632,BMC Cancer,431,524,148,6053,141,8.656864365,0,0,0,0,0,0,0,-524,0,0,0,0,0,blue
jour.1016693,MMWR Morbidity and Mortality Weekly Report,432,523,206,0,206,0,0,0,0,0,0,0,0,-523,0,0,0,0,0,blue
jour.1312220,The Journals of Gerontology Series B,432,523,206,0,206,0,0,0,0,0,0,0,0,-523,0,0,0,0,0,blue
jour.1039309,Scripta Materialia,434,522,206,0,206,0,0,0,0,0,0,0,0,-522,0,0,0,0,0,blue
jour.1142389,IEEE Internet of Things Journal,434,522,178,5159,123,10.11823997,0,0,0,0,0,0,0,-522,0,0,0,0,0,blue
jour.1017825,Journal of Psychiatric Research,436,521,206,0,206,0,0,0,0,0,0,0,0,-521,0,0,0,0,0,blue
jour.1023804,Haematologica,436,521,206,0,206,0,0,0,0,0,0,0,0,-521,0,0,0,0,0,blue
jour.1021346,Molecular Therapy,438,520,206,0,206,0,0,0,0,0,0,0,0,-520,0,0,0,0,0,blue
jour.1034717,Nature Physics,438,520,206,0,206,0,0,0,0,0,0,0,0,-520,0,0,0,0,0,blue
jour.1038686,Applied Surface Science,438,520,40,16658,197,3.121623244,0,0,0,0,0,0,0,-520,0,0,0,0,0,blue
jour.1048348,Proceedings of the Combustion Institute,438,520,206,0,206,0,0,0,0,0,0,0,0,-520,0,0,0,0,0,blue
jour.1290487,Bio-protocol,442,519,206,0,206,0,0,0,0,0,0,0,0,-519,0,0,0,0,0,blue
jour.1053404,mSystems,443,517,206,0,206,0,0,0,0,0,0,0,0,-517,0,0,0,0,0,blue
jour.1084802,Neuroscience Letters,443,517,206,0,206,0,0,0,0,0,0,0,0,-517,0,0,0,0,0,blue
jour.1092720,American Journal of Kidney Diseases,443,517,206,0,206,0,0,0,0,0,0,0,0,-517,0,0,0,0,0,blue
jour.1097289,Free Radical Biology and Medicine,443,517,187,4959,120,10.42548901,0,0,0,0,0,0,0,-517,0,0,0,0,0,blue
jour.1017108,Experimental Eye Research,447,515,206,0,206,0,0,0,0,0,0,0,0,-515,0,0,0,0,0,blue
jour.1017110,Experimental Neurology,447,515,206,0,206,0,0,0,0,0,0,0,0,-515,0,0,0,0,0,blue
jour.1033572,IEEE Sensors Journal,447,515,100,8708,173,5.914101975,0,0,0,0,0,0,0,-515,0,0,0,0,0,blue
jour.1026246,Energy & Fuels,450,514,126,7116,159,7.223159078,0,0,0,0,0,0,0,-514,0,0,0,0,0,blue
jour.1077139,Journal of Chemical Education,451,513,206,0,206,0,0,0,0,0,0,0,0,-513,0,0,0,0,0,blue
jour.1033329,Preventing Chronic Disease,452,512,206,0,206,0,0,0,0,0,0,0,0,-512,0,0,0,0,0,blue
jour.1077147,Chemical Reviews,453,511,206,0,206,0,0,0,0,0,0,0,0,-511,0,0,0,0,0,blue
jour.1051601,ACS Infectious Diseases,454,508,206,0,206,0,0,0,0,0,0,0,0,-508,0,0,0,0,0,blue
jour.1054347,Journal of Physics D,454,508,152,5984,143,8.489304813,0,0,0,0,0,0,0,-508,0,0,0,0,0,blue
jour.1052836,Construction and Building Materials,456,506,45,15422,196,3.281027104,0,0,0,0,0,0,0,-506,0,0,0,0,0,blue
jour.1015319,Kidney International,457,505,206,0,206,0,0,0,0,0,0,0,0,-505,0,0,0,0,0,blue
jour.1097556,Genes & Development,457,505,206,0,206,0,0,0,0,0,0,0,0,-505,0,0,0,0,0,blue
jour.1082404,Journal of Chemical Information and Modeling,459,503,206,0,206,0,0,0,0,0,0,0,0,-503,0,0,0,0,0,blue
jour.1327431,Nature Chemical Biology,459,503,206,0,206,0,0,0,0,0,0,0,0,-503,0,0,0,0,0,blue
jour.1033103,Molecular Pharmaceutics,461,502,206,0,206,0,0,0,0,0,0,0,0,-502,0,0,0,0,0,blue
jour.1017077,Biometrics,462,501,206,0,206,0,0,0,0,0,0,0,0,-501,0,0,0,0,0,blue
jour.1101964,Genome Research,462,501,206,0,206,0,0,0,0,0,0,0,0,-501,0,0,0,0,0,blue
jour.1327364,Health Services Research,462,501,206,0,206,0,0,0,0,0,0,0,0,-501,0,0,0,0,0,blue
jour.1313736,Substance Use & Misuse,465,500,206,0,206,0,0,0,0,0,0,0,0,-500,0,0,0,0,0,blue
jour.1096768,Journal of Interpersonal Violence,466,499,206,0,206,0,0,0,0,0,0,0,0,-499,0,0,0,0,0,blue
jour.1101293,Bioorganic & Medicinal Chemistry Letters,466,499,206,0,206,0,0,0,0,0,0,0,0,-499,0,0,0,0,0,blue
jour.1327772,Protein Science,466,499,206,0,206,0,0,0,0,0,0,0,0,-499,0,0,0,0,0,blue
jour.1048993,Frontiers in Public Health,469,496,206,0,206,0,0,0,0,0,0,0,0,-496,0,0,0,0,0,blue
jour.1133336,Ecological Applications,470,495,206,0,206,0,0,0,0,0,0,0,0,-495,0,0,0,0,0,blue
jour.1046718,Advanced Healthcare Materials,471,493,206,0,206,0,0,0,0,0,0,0,0,-493,0,0,0,0,0,blue
jour.1052984,Nature Microbiology,472,492,206,0,206,0,0,0,0,0,0,0,0,-492,0,0,0,0,0,blue
jour.1007902,Virology,473,491,206,0,206,0,0,0,0,0,0,0,0,-491,0,0,0,0,0,blue
jour.1051962,ACS Central Science,474,490,206,0,206,0,0,0,0,0,0,0,0,-490,0,0,0,0,0,blue
jour.1276503,SAE Technical Papers,474,490,84,9850,185,4.974619289,0,0,0,0,0,0,0,-490,0,0,0,0,0,blue
jour.1050243,Frontiers in Ecology and Evolution,476,489,206,0,206,0,0,0,0,0,0,0,0,-489,0,0,0,0,0,blue
jour.1036189,Crystal Growth & Design,477,488,206,0,206,0,0,0,0,0,0,0,0,-488,0,0,0,0,0,blue
jour.1044002,Journal of Cleaner Production,478,486,27,21049,203,2.308898285,0,0,0,0,0,0,0,-486,0,0,0,0,0,blue
jour.1430171,Journal of Environmental Management,478,486,113,7779,170,6.247589664,0,0,0,0,0,0,0,-486,0,0,0,0,0,blue
jour.1017681,Journal of Agricultural and Food Chemistry,480,485,124,7257,165,6.683202425,0,0,0,0,0,0,0,-485,0,0,0,0,0,blue
jour.1034427,PLOS Medicine,480,485,206,0,206,0,0,0,0,0,0,0,0,-485,0,0,0,0,0,blue
jour.1047838,Brain Sciences,480,485,206,0,206,0,0,0,0,0,0,0,0,-485,0,0,0,0,0,blue
jour.1050839,Preventive Medicine Reports,480,485,206,0,206,0,0,0,0,0,0,0,0,-485,0,0,0,0,0,blue
jour.1094287,IEEE Transactions on Medical Imaging,480,485,206,0,206,0,0,0,0,0,0,0,0,-485,0,0,0,0,0,blue
jour.1031408,Nature Materials,485,483,206,0,206,0,0,0,0,0,0,0,0,-483,0,0,0,0,0,blue
jour.1042541,JOM,486,482,206,0,206,0,0,0,0,0,0,0,0,-482,0,0,0,0,0,blue
jour.1022778,Nature Immunology,487,481,206,0,206,0,0,0,0,0,0,0,0,-481,0,0,0,0,0,blue
jour.1086657,Sexually Transmitted Diseases,487,481,206,0,206,0,0,0,0,0,0,0,0,-481,0,0,0,0,0,blue
jour.1042305,IEEE Transactions on Applied Superconductivity,489,479,206,0,206,0,0,0,0,0,0,0,0,-479,0,0,0,0,0,blue
jour.1047645,Translational Vision Science & Technology,489,479,206,0,206,0,0,0,0,0,0,0,0,-479,0,0,0,0,0,blue
jour.1046042,Insects,491,477,206,0,206,0,0,0,0,0,0,0,0,-477,0,0,0,0,0,blue
jour.1085913,Psychoneuroendocrinology,492,475,206,0,206,0,0,0,0,0,0,0,0,-475,0,0,0,0,0,blue
jour.1018250,Obstetrics and Gynecology,493,474,151,5985,151,7.919799499,0,0,0,0,0,0,0,-474,0,0,0,0,0,blue
jour.1033589,IEEE Transactions on Vehicular Technology,493,474,158,5689,144,8.331868518,0,0,0,0,0,0,0,-474,0,0,0,0,0,blue
jour.1005567,Journal of Colloid and Interface Science,495,473,118,7621,171,6.206534576,0,0,0,0,0,0,0,-473,0,0,0,0,0,blue
jour.1038436,The ISME Journal: Multidisciplinary Journal of Microbial Ecology,495,473,206,0,206,0,0,0,0,0,0,0,0,-473,0,0,0,0,0,blue
jour.1050828,Optica,495,473,206,0,206,0,0,0,0,0,0,0,0,-473,0,0,0,0,0,blue
jour.1002105,IEEE Transactions on Biomedical Engineering,498,472,206,0,206,0,0,0,0,0,0,0,0,-472,0,0,0,0,0,blue
jour.1018525,Digestive Diseases and Sciences,498,472,206,0,206,0,0,0,0,0,0,0,0,-472,0,0,0,0,0,blue
jour.1046074,ACS Macro Letters,498,472,206,0,206,0,0,0,0,0,0,0,0,-472,0,0,0,0,0,blue
