"About the data: Analytical views - Publisher - Exported on Oct 18, 2022. Criteria: My groups is US YES federal funders; Publication Year is 2017 or 2018 or 2019 or 2020 or 2021; Country of Funder is United States; Publication Type is not Preprint. Â© 2022 Digital Science &amp; Research Solutions Inc. All rights reserved. Parts of this work may also be protected by copyright of content providers and other third parties, which together with all rights of Digital Science, user agrees not to violate. Redistribution / external use of this work (or parts thereof) is prohibited without prior written approval. Please contact info@dimensions.ai for further information.   1,326,472",,,,,,,,,,,,,,,,,,,,,,,
Name,Rank FF,FF Pubs,Rank WW,Worldwide,rank percentage,percentage,All OA,Bronze,Closed,Gold,Green,Hybrid,Sum,Delta,% OSTP closed,Rank % closed,ratio,% OSTP Green,% OSTP Gold,% OSTP Bronze,% OSTP Hybrid,color,susceptability
Elsevier,1,268538,1,3635613,224,7.386319721,188871,66055,79667,27312,74488,21016,268538,0,29.66693727,58,0.341176471,27.73834616,10.17062762,24.59800848,7.82608048,blue,2.191294838
Springer Nature,2,180928,2,2987490,249,6.056187636,130336,9633,50592,63804,46542,10357,180928,0,27.96250442,63,0.370588235,25.72404492,35.26485674,5.324217368,5.724376548,blue,1.693461735
Wiley,3,129068,3,1336084,190,9.660171067,87654,22546,41414,12841,44009,8258,129068,0,32.08696191,54,0.317647059,34.09752998,9.949019122,17.46831128,6.398177705,blue,3.099655411
IEEE,4,88713,4,1318742,234,6.727092942,33837,765,54876,2357,19900,10815,88713,0,61.85790132,24,0.141176471,22.4318871,2.656882306,0.862331338,12.19099794,blue,4.161238514
American Chemical Society (ACS),5,61866,12,298773,82,20.70669036,30421,723,31445,1818,24724,3156,61866,0,50.82759512,29,0.170588235,39.96379271,2.938609252,1.168654835,5.101348075,blue,10.52471274
Oxford University Press (OUP),6,50493,7,587797,206,8.590210566,47124,17562,3369,8625,12670,8267,50493,0,6.67221199,114,0.670588235,25.09258709,17.08157566,34.78105876,16.37256649,blue,0.573157059
MDPI,7,38504,6,632448,247,6.088089456,38502,0,2,38324,140,38,38504,0,0.005194266,169,0.994117647,0.363598587,99.5325161,0,0.098691045,blue,0.000316232
Taylor & Francis,8,37282,5,1243814,330,2.997393501,21256,2657,16026,4098,12460,2041,37282,0,42.98589131,39,0.229411765,33.42095381,10.99189958,7.126763586,5.474491712,blue,1.288456312
Wolters Kluwer,9,32456,8,504760,239,6.429986528,28008,8031,4448,3516,14980,1481,32456,0,13.70470791,94,0.552941176,46.15479418,10.83312793,24.74426916,4.563100813,blue,0.881210872
American Physical Society (APS),10,29188,24,105303,51,27.7181087,27955,44,1233,2355,8211,17345,29188,0,4.224338769,126,0.741176471,28.13142387,8.068384268,0.150746882,59.42510621,blue,1.170906812
Frontiers,11,25725,14,223259,165,11.52249181,25710,0,15,25687,18,5,25725,0,0.058309038,167,0.982352941,0.069970845,99.85228377,0,0.019436346,blue,0.006718654
Public Library of Science (PLoS),12,22161,23,107653,84,20.58558517,22161,0,0,22161,0,0,22161,0,0,170,1,0,100,0,0,blue,0
SAGE Publications,13,21741,10,402011,261,5.408060973,14195,3191,7546,3302,6944,758,21741,0,34.70861506,48,0.282352941,31.93965319,15.18789384,14.67733775,3.486500161,blue,1.877063065
Association for Computing Machinery (ACM),14,18850,16,157655,161,11.95648727,11187,8682,7663,331,2134,40,18850,0,40.65251989,41,0.241176471,11.32095491,1.75596817,46.05835544,0.212201592,blue,4.860613366
Royal Society of Chemistry (RSC),15,17714,15,186787,193,9.483529368,9530,141,8184,2748,5600,1041,17714,0,46.20074517,35,0.205882353,31.61341312,15.51315344,0.79598058,5.876707689,blue,4.381461236
American Geophysical Union (AGU),16,16756,44,39214,18,42.72963737,12148,4972,4608,1228,3439,2509,16756,0,27.5005968,64,0.376470588,20.52399141,7.328718071,29.67295297,14.97374075,blue,11.75090529
AIP Publishing,17,14404,19,128197,171,11.23583235,9741,570,4663,1514,7002,655,14404,0,32.37295196,53,0.311764706,48.61149681,10.51096918,3.957234102,4.547347959,blue,3.637370609
American Astronomical Society,18,13980,66,24541,7,56.96589381,13216,3498,764,257,8463,998,13980,0,5.464949928,119,0.7,60.53648069,1.838340486,25.02145923,7.138769671,blue,3.113157573
IOP Publishing,19,13138,11,398273,318,3.29874232,9307,103,3831,2639,5626,939,13138,0,29.15968945,60,0.352941176,42.82234739,20.0867712,0.783985386,7.147206576,blue,0.961903016
American Society for Microbiology,20,11738,54,31805,27,36.90614683,11705,343,33,4434,6146,782,11738,0,0.281138184,159,0.935294118,52.35985688,37.77474868,2.922133242,6.662123019,blue,0.103757271
Proceedings of the National Academy of Sciences,21,10649,73,20344,10,52.34467165,10645,4689,4,0,3098,2858,10649,0,0.037562212,168,0.988235294,29.09193351,0,44.0323035,26.83820077,blue,0.019661817
Cambridge University Press (CUP),22,8536,13,230668,301,3.700556644,5766,1289,2770,978,2561,938,8536,0,32.45079663,52,0.305882353,30.00234302,11.45735708,15.10074977,10.98875351,blue,1.200860111
American Association for the Advancement of Science (AAAS),23,8494,49,35783,69,23.73752899,7010,75,1484,3471,3449,15,8494,0,17.47115611,87,0.511764706,40.60513304,40.86413939,0.882976219,0.176595244,blue,4.147220746
American Association for Cancer Research (AACR),24,6790,32,62829,176,10.80711137,6204,1330,586,10,4633,231,6790,0,8.630338733,106,0.623529412,68.23269514,0.147275405,19.58762887,3.402061856,blue,0.932690318
Mary Ann Liebert,25,6766,36,45734,127,14.79424498,5444,396,1322,289,4274,485,6766,0,19.53887082,83,0.488235294,63.1687851,4.271356784,5.852793379,7.168193911,blue,2.890628415
American Medical Association (AMA),26,6763,50,35061,96,19.28923876,6058,2635,705,1774,1457,192,6763,0,10.42436788,103,0.605882353,21.54369363,26.23096259,38.96199911,2.838976785,blue,2.01078121
Optica Publishing Group,27,6271,30,76660,211,8.180276546,5486,0,785,3365,361,1760,6271,0,12.51793972,96,0.564705882,5.75665763,53.6597034,0,28.06569925,blue,1.024002087
American Psychological Association (APA),28,6241,48,36397,108,17.14701761,5610,4705,631,17,870,18,6241,0,10.11055921,104,0.611764706,13.94007371,0.272392245,75.38855953,0.288415318,blue,1.733659368
BMJ,29,6207,18,154406,291,4.019921506,5310,466,897,2679,1303,862,6207,0,14.45142581,92,0.541176471,20.9924279,43.16094732,7.50765265,13.88754632,blue,0.580935974
American Physiological Society,30,5592,104,12483,16,44.79692382,5269,3498,323,28,1581,162,5592,0,5.776108727,118,0.694117647,28.27253219,0.500715308,62.55364807,2.896995708,blue,2.587519026
Copernicus Publications,31,4670,58,29223,114,15.98056325,4670,0,0,4665,2,3,4670,0,0,170,1,0.042826552,99.89293362,0,0.064239829,blue,0
eLife,32,4625,128,8728,9,52.9903758,4625,0,0,4625,0,0,4625,0,0,170,1,0,100,0,0,blue,0
American Meteorological Society,33,4193,118,10550,22,39.74407583,3406,1847,787,35,394,1130,4193,0,18.76937753,85,0.5,9.396613403,0.834724541,44.04960649,26.94967803,blue,7.459715638
American Society for Clinical Investigation,34,3627,164,5228,3,69.37643458,3627,1682,0,1847,14,84,3627,0,0,170,1,0.385993934,50.92362834,46.37441412,2.315963606,blue,0
EDP Sciences,35,3472,21,119398,336,2.907921406,3435,2399,37,392,66,578,3472,0,1.065668203,146,0.858823529,1.900921659,11.29032258,69.09562212,16.64746544,blue,0.030988794
American Society of Clinical Oncology (ASCO),36,3301,39,43199,219,7.641380588,1938,558,1363,181,916,283,3301,0,41.29051802,40,0.235294118,27.74916692,5.483186913,16.90396849,8.573159649,blue,3.155165629
The Royal Society,37,3163,83,16010,87,19.75640225,3090,1701,73,486,251,652,3163,0,2.307935504,141,0.829411765,7.935504268,15.36515966,53.7780588,20.61334176,blue,0.455965022
Hindawi,38,3088,20,122851,353,2.513614053,3013,24,75,2905,71,13,3088,0,2.428756477,140,0.823529412,2.299222798,94.0738342,0.777202073,0.420984456,blue,0.061049564
ASME International,39,3076,34,49654,245,6.19486849,1408,763,1668,2,604,39,3076,0,54.22626788,27,0.158823529,19.63589077,0.065019506,24.80494148,1.267880364,blue,3.359245982
Society for Neuroscience,40,3066,153,6104,13,50.2293578,3066,2070,0,839,21,136,3066,0,0,170,1,0.684931507,27.36464449,67.5146771,4.435746902,blue,0
"SPIE, the international society for optics and photonics",41,3017,25,97621,325,3.090523555,2143,97,874,547,1186,313,3017,0,28.96917468,61,0.358823529,39.31057342,18.1305933,3.215114352,10.37454425,blue,0.895299167
American Society of Civil Engineers (ASCE),42,2805,51,34198,210,8.202234049,312,10,2493,0,226,76,2805,0,88.87700535,5,0.029411765,8.057040998,0,0.356506239,2.709447415,blue,7.289899995
The Company of Biologists,43,2762,120,9919,50,27.84554895,2661,309,101,475,309,1568,2762,0,3.656770456,131,0.770588235,11.18754526,17.19768284,11.18754526,56.77045619,blue,1.018247807
Society for Industrial & Applied Mathematics (SIAM),44,2725,126,9043,40,30.13380515,2063,73,662,84,1864,42,2725,0,24.29357798,70,0.411764706,68.40366972,3.082568807,2.678899083,1.541284404,blue,7.320579452
American Society of Hematology,45,2609,56,29427,201,8.866007408,2563,1587,46,760,175,41,2609,0,1.763127635,143,0.841176471,6.707550786,29.12993484,60.82790341,1.571483327,blue,0.156319027
JMIR Publications,46,2510,97,13626,99,18.42066637,2510,0,0,2507,3,0,2510,0,0,170,1,0.119521912,99.88047809,0,0,blue,0
"Impact Journals, LLC",47,2383,76,18022,148,13.22272778,2383,0,0,2382,1,0,2383,0,0,170,1,0.041963911,99.95803609,0,0,blue,0
American Thoracic Society,48,2345,68,23849,187,9.832697388,2203,22,142,10,1728,443,2345,0,6.0554371,116,0.682352941,73.68869936,0.426439232,0.938166311,18.891258,blue,0.595412806
Cold Spring Harbor Laboratory,49,2226,159,5535,20,40.21680217,2137,560,89,1033,45,499,2226,0,3.998203055,128,0.752941176,2.021563342,46.40610961,25.1572327,22.41689128,blue,1.607949413
The Endocrine Society,50,2177,99,13220,110,16.46747352,2113,1317,64,285,208,303,2177,0,2.939825448,137,0.805882353,9.554432706,13.0914102,60.49609554,13.9182361,blue,0.484114977
American Institute of Aeronautics and Astronautics (AIAA),51,2065,57,29422,230,7.018557542,1053,0,1012,0,205,848,2065,0,49.00726392,32,0.188235294,9.927360775,0,0,41.0653753,blue,3.439603018
Thieme,52,2050,17,155808,406,1.315721914,1349,308,701,203,712,126,2050,0,34.19512195,50,0.294117647,34.73170732,9.902439024,15.02439024,6.146341463,blue,0.449912713
The American Association of Immunologists,53,1903,182,3767,12,50.51765331,1856,1622,47,181,17,36,1903,0,2.469784551,139,0.817647059,0.893326327,9.511297951,85.2338413,1.891749869,blue,1.247677197
Rockefeller University Press,54,1870,186,3618,11,51.68601437,1870,9,0,345,1,1515,1870,0,0,170,1,0.053475936,18.44919786,0.481283422,81.01604278,blue,0
Association for Research in Vision and Ophthalmology (ARVO),55,1848,108,11899,117,15.53071687,1846,0,2,1845,1,0,1848,0,0.108225108,166,0.976470588,0.054112554,99.83766234,0,0,blue,0.016808135
MyJove Corporation,56,1758,152,6154,47,28.56678583,1481,381,277,0,1090,10,1758,0,15.75654152,90,0.529411765,62.00227531,0,21.67235495,0.568828214,blue,4.50113747
IOS Press,57,1753,52,32792,263,5.345816053,1398,130,355,45,979,244,1753,0,20.25099829,79,0.464705882,55.84711922,2.567027952,7.415858528,13.91899601,blue,1.082581117
Annual Reviews,58,1721,148,6395,55,26.91164973,927,2,794,11,870,44,1721,0,46.13596746,37,0.217647059,50.55200465,0.639163277,0.116211505,2.556653109,blue,12.41594996
The Electrochemical Society,59,1662,42,39735,285,4.182710457,821,3,841,13,424,381,1662,0,50.60168472,30,0.176470588,25.51143201,0.782190132,0.180505415,22.92418773,blue,2.116521958
American Diabetes Association,60,1586,93,13959,169,11.3618454,1537,417,49,0,1081,39,1586,0,3.089533417,136,0.8,68.15889029,0,26.2925599,2.459016393,blue,0.35102801
De Gruyter,61,1507,9,427271,463,0.352703553,1066,115,441,430,427,94,1507,0,29.26343729,59,0.347058824,28.33443928,28.53351029,7.631055076,6.237558062,blue,0.103213183
Karger Publishers,62,1467,47,37671,295,3.894242255,1327,679,140,222,320,106,1467,0,9.543285617,105,0.617647059,21.81322427,15.13292434,46.28493524,7.225630539,blue,0.371638661
American Society of Nephrology (ASN),63,1426,183,3688,24,38.6659436,1380,1170,46,175,26,9,1426,0,3.225806452,134,0.788235294,1.823281907,12.27208976,82.04768583,0.631136045,blue,1.247288503
Future Science Group,64,1411,95,13721,180,10.28350703,1103,128,308,211,559,205,1411,0,21.82849043,73,0.429411765,39.6172927,14.95393338,9.071580439,14.52870305,blue,2.244734348
International Union of Crystallography (IUCr),65,1410,91,14501,189,9.723467347,1238,53,172,544,326,315,1410,0,12.19858156,98,0.576470588,23.12056738,38.58156028,3.758865248,22.34042553,blue,1.186125095
Acoustical Society of America (ASA),66,1371,85,15846,204,8.652025748,1081,253,290,0,423,405,1371,0,21.15244347,75,0.441176471,30.85339168,0,18.45368344,29.5404814,blue,1.830114855
American Mathematical Society (AMS),67,1290,129,8699,125,14.82929072,1235,60,55,80,167,928,1290,0,4.263565891,125,0.735294118,12.94573643,6.201550388,4.651162791,71.9379845,blue,0.632256581
American Academy of Pediatrics (AAP),68,1275,80,17140,222,7.43873979,1021,94,254,0,926,1,1275,0,19.92156863,80,0.470588235,72.62745098,0,7.37254902,0.078431373,blue,1.481913652
AME Publishing Company,69,1271,43,39503,322,3.217477154,1265,4,6,673,403,185,1271,0,0.472069237,155,0.911764706,31.70731707,52.95043273,0.314712825,14.55546814,blue,0.01518872
Faculty of 1000,70,1234,115,10746,167,11.48334264,1231,0,3,1228,3,0,1234,0,0.243111831,160,0.941176471,0.243111831,99.51377634,0,0,blue,0.027917365
Centers for Disease Control and Prevention (CDC),71,1155,184,3679,36,31.39440065,1155,192,0,945,17,1,1155,0,0,170,1,1.471861472,81.81818182,16.62337662,0.086580087,blue,0
World Scientific Publishing,72,1152,31,68687,387,1.677173264,731,1,421,51,620,59,1152,0,36.54513889,46,0.270588235,53.81944444,4.427083333,0.086805556,5.121527778,blue,0.612925299
American Society for Cell Biology (ASCB),73,1124,245,1839,5,61.12017401,1122,198,2,130,140,654,1124,0,0.177935943,163,0.958823529,12.45551601,11.5658363,17.61565836,58.18505338,blue,0.108754758
PeerJ,74,1115,117,10580,178,10.53875236,1115,0,0,1115,0,0,1115,0,0,170,1,0,100,0,0,blue,0
American Speech Language Hearing Association,75,1092,157,5541,90,19.707634,1051,17,41,0,946,88,1092,0,3.754578755,130,0.764705882,86.63003663,0,1.556776557,8.058608059,blue,0.739938639
Canadian Science Publishing,76,1071,110,11826,197,9.056316591,499,37,572,36,359,67,1071,0,53.40802988,28,0.164705882,33.5200747,3.361344538,3.454715219,6.255835668,blue,4.836800271
EMBO,77,1030,179,3905,59,26.37644046,1002,59,28,329,430,184,1030,0,2.718446602,138,0.811764706,41.74757282,31.94174757,5.72815534,17.86407767,blue,0.717029449
American Society for Pharmacology & Experimental Therapeutics (ASPET),78,973,215,2632,26,36.96808511,926,804,47,0,28,94,973,0,4.830421377,121,0.711764706,2.877697842,0,82.63103803,9.660842754,blue,1.785714286
American Psychiatric Association Publishing,79,934,149,6332,128,14.75047378,812,571,122,19,220,2,934,0,13.0620985,95,0.558823529,23.55460385,2.034261242,61.13490364,0.214132762,blue,1.926721414
Massachusetts Medical Society,80,905,155,5841,118,15.49392227,797,553,108,0,244,0,905,0,11.93370166,99,0.582352941,26.96132597,0,61.10497238,0,blue,1.848998459
American Vacuum Society,81,857,205,2853,41,30.03855591,705,10,152,90,87,518,857,0,17.73628938,86,0.505882353,10.15169195,10.50175029,1.166861144,60.44340723,blue,5.327725202
Bentham Science Publishers,82,838,35,46652,377,1.79627883,515,0,323,34,474,7,838,0,38.54415274,44,0.258823529,56.56324582,4.057279236,0,0.835322196,blue,0.692360456
American Public Health Association,83,792,196,3143,63,25.1988546,724,0,68,0,724,0,792,0,8.585858586,107,0.629411765,91.41414141,0,0,0,blue,2.163538021
SAE International,84,752,102,12691,251,5.925458987,185,0,567,0,185,0,752,0,75.39893617,11,0.064705882,24.60106383,0,0,0,blue,4.467733039
American Dairy Science Association,85,737,163,5233,135,14.0836996,706,596,31,40,3,67,737,0,4.20624152,127,0.747058824,0.407055631,5.427408412,80.86838535,9.090909091,blue,0.59239442
Portland Press,85,737,139,7547,188,9.765469723,591,3,146,78,303,207,737,0,19.81004071,81,0.476470588,41.11261872,10.5834464,0.407055631,28.08683853,blue,1.934543528
Ivyspring International Publisher,87,735,127,8802,208,8.350374915,735,0,0,734,1,0,735,0,0,170,1,0.136054422,99.86394558,0,0,blue,0
Institute of Mathematical Statistics,88,723,165,5164,137,14.00077459,684,133,39,217,254,80,723,0,5.394190871,120,0.705882353,35.13139696,30.01383126,18.395574,11.06500692,blue,0.755228505
Pensoft Publishers,89,707,100,12767,259,5.53771442,706,0,1,706,0,0,707,0,0.141442716,165,0.970588235,0,99.85855728,0,0,blue,0.007832694
Emerald,89,707,22,107840,442,0.65560089,157,5,550,25,111,16,707,0,77.79349364,10,0.058823529,15.70014144,3.536067893,0.707213579,2.263083451,blue,0.510014837
Geological Society of America,91,686,64,25280,341,2.713607595,265,11,421,114,66,74,686,0,61.37026239,26,0.152941176,9.620991254,16.6180758,1.603498542,10.78717201,blue,1.665348101
Radiological Society of North America (RSNA),92,676,171,4300,116,15.72093023,630,305,46,28,277,20,676,0,6.804733728,113,0.664705882,40.97633136,4.142011834,45.1183432,2.958579882,blue,1.069767442
Scientific Societies,93,662,137,7695,205,8.602988954,591,1,71,106,3,481,662,0,10.72507553,102,0.6,0.453172205,16.01208459,0.151057402,72.65861027,blue,0.922677063
Institution of Engineering and Technology (IET),94,613,38,43541,402,1.407868446,454,249,159,158,27,20,613,0,25.93800979,65,0.382352941,4.4045677,25.77487765,40.61990212,3.262642741,blue,0.365173055
MIT Press,95,607,81,16127,297,3.763874248,481,36,126,201,234,10,607,0,20.75782537,77,0.452941176,38.55024712,33.11367381,5.930807249,1.647446458,blue,0.781298444
American Society of Tropical Medicine and Hygiene,96,602,193,3322,101,18.12161349,580,120,22,0,389,71,602,0,3.65448505,132,0.776470588,64.6179402,0,19.93355482,11.79401993,blue,0.662251656
Centers for Disease Control MMWR Office,97,574,238,2083,52,27.55640903,573,170,1,391,12,0,574,0,0.174216028,164,0.964705882,2.090592334,68.1184669,29.61672474,0,blue,0.048007681
American College of Physicians,98,533,169,4365,157,12.21076747,372,0,161,0,372,0,533,0,30.20637899,56,0.329411765,69.79362101,0,0,0,blue,3.6884307
Bioscientifica,99,521,72,20476,350,2.544442274,510,362,11,45,71,32,521,0,2.111324376,142,0.835294118,13.62763916,8.637236084,69.48176583,6.142034549,blue,0.05372143
Ferrata Storti Foundation (Haematologica),100,520,228,2285,72,22.7571116,520,0,0,518,2,0,520,0,0,170,1,0.384615385,99.61538462,0,0,blue,0
"Bio-Protocol, LLC",101,519,203,2914,106,17.81056966,502,124,17,0,284,94,519,0,3.275529865,133,0.782352941,54.72061657,0,23.89210019,18.11175337,blue,0.583390528
Microbiology Society,102,491,131,8555,255,5.739333723,469,215,22,116,68,70,491,0,4.480651731,123,0.723529412,13.84928717,23.62525458,43.78818737,14.25661914,blue,0.257159556
CSIRO Publishing,103,471,112,11409,287,4.128319748,179,9,292,20,79,71,471,0,61.99575372,23,0.135294118,16.77282378,4.246284501,1.910828025,15.07430998,blue,2.559382944
Seismological Society of America (SSA),104,467,223,2412,94,19.3615257,146,0,321,0,143,3,467,0,68.7366167,16,0.094117647,30.62098501,0,0,0.642398287,blue,13.30845771
European Respiratory Society (ERS),105,464,61,26212,380,1.770181596,432,209,32,123,32,68,464,0,6.896551724,112,0.658823529,6.896551724,26.50862069,45.04310345,14.65517241,blue,0.122081489
Environmental Health Perspectives,106,456,154,6059,221,7.525994389,455,0,1,455,0,0,456,0,0.219298246,162,0.952941176,0,99.78070175,0,0,blue,0.016504374
Association for Computational Linguistics (ACL),107,449,79,17547,349,2.558841967,435,0,14,0,26,409,449,0,3.118040089,135,0.794117647,5.79064588,0,0,91.09131403,blue,0.079785718
Health Affairs,108,432,249,1775,64,24.33802817,302,47,130,0,232,23,432,0,30.09259259,57,0.335294118,53.7037037,0,10.87962963,5.324074074,blue,7.323943662
Johns Hopkins University Press,109,427,28,91185,456,0.468278774,278,55,149,5,217,1,427,0,34.89461358,47,0.276470588,50.81967213,1.170960187,12.88056206,0.234192037,blue,0.163404069
University of Chicago Press,110,425,62,25649,388,1.656984678,257,33,168,0,191,33,425,0,39.52941176,43,0.252941176,44.94117647,0,7.764705882,7.764705882,blue,0.654996296
American Institute of Mathematical Sciences (AIMS),111,422,96,13666,326,3.08795551,421,11,1,382,2,26,422,0,0.236966825,161,0.947058824,0.473933649,90.52132701,2.606635071,6.161137441,blue,0.00731743
American Society of Neuroradiology (ASNR),112,410,229,2277,103,18.00614844,407,0,3,0,3,404,410,0,0.731707317,149,0.876470588,0.731707317,0,0,98.53658537,blue,0.131752306
Society of Nuclear Medicine,113,395,235,2127,98,18.57075693,395,369,0,0,4,22,395,0,0,170,1,1.012658228,0,93.41772152,5.569620253,blue,0
Ubiquity Press,114,379,130,8650,280,4.38150289,377,0,2,336,18,23,379,0,0.527704485,152,0.894117647,4.749340369,88.65435356,0,6.068601583,blue,0.023121387
American Association of Physics Teachers (AAPT),115,337,201,2923,164,11.52925077,250,37,87,0,75,138,337,0,25.81602374,66,0.388235294,22.25519288,0,10.97922849,40.9495549,blue,2.976394116
American Society of Agricultural and Biological Engineers (ASABE),116,331,181,3769,203,8.782170337,107,52,224,0,55,0,331,0,67.67371601,18,0.105882353,16.6163142,0,15.70996979,0,blue,5.943221013
Duke University Press,117,328,71,21469,398,1.527784247,305,145,23,53,82,25,328,0,7.012195122,111,0.652941176,25,16.15853659,44.20731707,7.62195122,blue,0.107131212
American Society for Engineering Education,118,327,132,8204,292,3.985860556,291,208,36,0,83,0,327,0,11.00917431,101,0.594117647,25.382263,0,63.60856269,0,blue,0.438810336
Mathematical Sciences Publishers,119,319,192,3360,192,9.494047619,300,10,19,37,253,0,319,0,5.956112853,117,0.688235294,79.31034483,11.59874608,3.134796238,0,blue,0.565476191
Journal of Neurosurgery Publishing Group (JNSPG),120,312,151,6280,269,4.968152866,261,144,51,49,68,0,312,0,16.34615385,89,0.523529412,21.79487179,15.70512821,46.15384615,0,blue,0.812101911
Cureus,121,307,74,19921,397,1.541087295,307,0,0,306,1,0,307,0,0,170,1,0.325732899,99.6742671,0,0,blue,0
Radiation Research Society,122,296,300,967,39,30.61013444,223,72,73,0,151,0,296,0,24.66216216,69,0.405882353,51.01351351,0,24.32432432,0,blue,7.549120993
FapUNIFESP (SciELO),123,294,27,93143,464,0.315643688,293,0,1,290,3,0,294,0,0.340136054,158,0.929411765,1.020408163,98.63945578,0,0,blue,0.001073618
OMICS International,124,293,59,27096,419,1.081340419,288,36,5,29,83,140,293,0,1.706484642,144,0.847058824,28.32764505,9.897610922,12.28668942,47.78156997,blue,0.018452908
Humboldt Field Research Institute,125,292,320,751,23,38.88149134,20,0,272,0,20,0,292,0,93.15068493,2,0.011764706,6.849315068,0,0,0,blue,36.21837549
Spandidos Publications,126,290,55,29952,424,0.968215812,290,82,0,127,2,79,290,0,0,170,1,0.689655172,43.79310345,28.27586207,27.24137931,blue,0
Alcohol Research Documentation,127,278,350,574,14,48.43205575,265,0,13,0,261,4,278,0,4.676258993,122,0.717647059,93.88489209,0,0,1.438848921,blue,2.264808363
Sissa Medialab Srl,128,275,101,12743,364,2.158047556,274,0,1,10,2,262,275,0,0.363636364,157,0.923529412,0.727272727,3.636363636,0,95.27272727,blue,0.007847446
International Press of Boston,129,273,189,3515,217,7.766714083,230,8,43,13,209,0,273,0,15.75091575,91,0.535294118,76.55677656,4.761904762,2.93040293,0,blue,1.223328592
Human Kinetics,130,268,140,7409,305,3.617222297,191,16,77,0,172,3,268,0,28.73134328,62,0.364705882,64.17910448,0,5.970149254,1.119402985,blue,1.039276555
Mineralogical Society of America,131,267,242,1943,141,13.74163664,74,9,193,0,51,14,267,0,72.28464419,14,0.082352941,19.1011236,0,3.370786517,5.243445693,blue,9.933093151
International Union Against Tuberculosis and Lung Disease,132,261,258,1594,111,16.37390213,207,0,54,0,192,15,261,0,20.68965517,78,0.458823529,73.56321839,0,0,5.747126437,blue,3.387703889
SLACK,132,261,142,7116,302,3.667790894,171,1,90,19,148,3,261,0,34.48275862,49,0.288235294,56.70498084,7.279693487,0.383141762,1.149425287,blue,1.264755481
University of California Press,134,256,53,32418,435,0.789684743,192,9,64,170,13,0,256,0,25,68,0.4,5.078125,66.40625,3.515625,0,blue,0.197421186
European Mathematical Society - EMS - Publishing House GmbH,135,255,168,4480,256,5.691964286,234,48,21,26,159,1,255,0,8.235294118,108,0.635294118,62.35294118,10.19607843,18.82352941,0.392156863,blue,0.46875
Ethnicity and Disease Inc,136,252,395,387,4,65.11627907,252,249,0,0,3,0,252,0,0,170,1,1.19047619,0,98.80952381,0,blue,0
The Journal of Rheumatology,137,240,255,1644,130,14.59854015,207,107,33,0,100,0,240,0,13.75,93,0.547058824,41.66666667,0,44.58333333,0,blue,2.007299271
American Academy of Sleep Medicine (AASM),138,234,265,1520,122,15.39473684,219,6,15,0,213,0,234,0,6.41025641,115,0.676470588,91.02564103,0,2.564102564,0,blue,0.986842105
Stichting SciPost,139,233,293,1048,74,22.23282443,232,0,1,232,0,0,233,0,0.429184549,156,0.917647059,0,99.57081545,0,0,blue,0.095419847
American Educational Research Association (AERA),140,226,92,14469,396,1.561960053,73,43,153,0,22,8,226,0,67.69911504,17,0.1,9.734513274,0,19.02654867,3.539823009,blue,1.057433133
OAE Publishing Inc.,141,217,236,2114,181,10.26490066,217,0,0,217,0,0,217,0,0,170,1,0,100,0,0,blue,0
International Association for Food Protection,142,213,270,1377,120,15.46840959,31,10,182,0,13,8,213,0,85.44600939,6,0.035294118,6.103286385,0,4.694835681,3.755868545,blue,13.21713871
Institute for Operations Research and the Management Sciences (INFORMS),142,213,158,5539,296,3.845459469,110,4,103,19,87,0,213,0,48.35680751,33,0.194117647,40.84507042,8.920187793,1.877934272,0,blue,1.859541433
American Board of Family Medicine (ABFM),144,210,317,809,61,25.95797281,209,74,1,135,0,0,210,0,0.476190476,154,0.905882353,0,64.28571429,35.23809524,0,blue,0.123609394
American Roentgen Ray Society,145,209,212,2672,215,7.821856287,145,0,64,0,145,0,209,0,30.62200957,55,0.323529412,69.37799043,0,0,0,blue,2.395209581
"Physicians Postgraduate Press, Inc",146,205,256,1639,154,12.5076266,130,22,75,0,108,0,205,0,36.58536585,45,0.264705882,52.68292683,0,10.73170732,0,blue,4.575960951
International Joint Conferences on Artificial Intelligence,147,204,172,4286,273,4.759682688,203,200,1,0,3,0,204,0,0.490196078,153,0.9,1.470588235,0,98.03921569,0,blue,0.023331778
Magnolia Press,148,203,78,17616,414,1.15236149,43,28,160,1,14,0,203,0,78.81773399,8,0.047058824,6.896551724,0.492610837,13.79310345,0,blue,0.908265214
Association for the Advancement of Artificial Intelligence (AAAI),149,202,119,10426,371,1.937464032,189,69,0,120,0,0,189,13,0,170,1,0,59.40594059,34.15841584,0,blue,0
Pleiades Publishing,149,202,26,97177,476,0.207868117,74,4,128,2,64,4,202,0,63.36633663,21,0.123529412,31.68316832,0.99009901,1.98019802,1.98019802,blue,0.131718411
IWA Publishing,151,201,123,9568,366,2.100752508,185,88,16,58,7,32,201,0,7.960199005,110,0.647058824,3.482587065,28.85572139,43.78109453,15.92039801,blue,0.16722408
"Life Science Alliance, LLC",152,194,343,603,34,32.17247098,194,0,0,192,2,0,194,0,0,170,1,1.030927835,98.96907216,0,0,blue,0
Baishideng Publishing Group,152,194,105,12262,392,1.582123634,194,0,0,141,2,51,194,0,0,170,1,1.030927835,72.68041237,0,26.28865979,blue,0
Scientific Research Publishing,154,189,41,39856,455,0.474207146,189,0,0,182,1,6,189,0,0,170,1,0.529100529,96.2962963,0,3.174603175,blue,0
VLDB Endowment,155,188,273,1270,126,14.80314961,69,0,119,0,69,0,188,0,63.29787234,22,0.129411765,36.70212766,0,0,0,blue,9.370078742
Guilford Publications,156,184,246,1819,184,10.11544805,148,14,36,0,134,0,184,0,19.56521739,82,0.482352941,72.82608696,0,7.608695652,0,blue,1.979109401
"Harborside Press, LLC",157,181,244,1880,191,9.627659574,174,152,7,0,21,1,181,0,3.867403315,129,0.758823529,11.60220994,0,83.97790055,0.552486188,blue,0.372340426
Wilson Ornithological Society,158,174,348,580,42,30,16,4,158,0,12,0,174,0,90.8045977,4,0.023529412,6.896551724,0,2.298850575,0,blue,27.24137931
Begell House,158,174,116,10607,390,1.640426134,105,15,69,0,90,0,174,0,39.65517241,42,0.247058824,51.72413793,0,8.620689655,0,blue,0.650513812
The Econometric Society,160,172,301,964,105,17.84232365,158,59,14,76,23,0,172,0,8.139534884,109,0.641176471,13.37209302,44.18604651,34.30232558,0,blue,1.452282158
Anticancer Research USA Inc.,161,169,150,6329,345,2.670248064,168,102,1,58,4,4,169,0,0.591715976,151,0.888235294,2.366863905,34.31952663,60.35502959,2.366863905,blue,0.015800284
American Association for Laboratory Animal Science,162,164,365,485,32,33.81443299,163,0,1,0,163,0,164,0,0.609756098,150,0.882352941,99.3902439,0,0,0,blue,0.206185567
The Open Journal,163,156,262,1546,186,10.09055627,156,0,0,155,1,0,156,0,0,170,1,0.641025641,99.35897436,0,0,blue,0
University of Illinois Libraries,164,155,241,1996,218,7.765531062,153,1,2,150,2,0,155,0,1.290322581,145,0.852941176,1.290322581,96.77419355,0.64516129,0,blue,0.100200401
Inter-Research Science Center,165,154,185,3660,284,4.207650273,82,44,72,7,18,13,154,0,46.75324675,34,0.2,11.68831169,4.545454545,28.57142857,8.441558442,blue,1.967213115
"Johns Hopkins School Bloomberg School of Public Health, Center for Communication Programs",166,152,380,432,29,35.18518519,152,0,0,150,2,0,152,0,0,170,1,1.315789474,98.68421053,0,0,blue,0
Society of Exploration Geophysicists,167,146,106,12098,411,1.206811043,42,1,104,0,32,9,146,0,71.23287671,15,0.088235294,21.91780822,0,0.684931507,6.164383562,blue,0.859646222
Wildlife Disease Association,168,145,325,714,86,20.30812325,49,22,96,0,27,0,145,0,66.20689655,19,0.111764706,18.62068966,0,15.17241379,0,blue,13.44537815
Oncology Nursing Society (ONS),169,143,287,1112,149,12.85971223,113,0,30,0,113,0,143,0,20.97902098,76,0.447058824,79.02097902,0,0,0,blue,2.697841727
Resilience Alliance,170,137,282,1162,162,11.79001721,106,8,31,91,5,2,137,0,22.62773723,72,0.423529412,3.649635036,66.42335766,5.839416058,1.459854015,blue,2.667814114
Society of Rheology,171,136,331,700,93,19.42857143,107,1,29,0,18,88,136,0,21.32352941,74,0.435294118,13.23529412,0,0.735294118,64.70588235,blue,4.142857143
Western North American Naturalist,172,135,412,321,19,42.05607477,73,0,62,1,72,0,135,0,45.92592593,38,0.223529412,53.33333333,0.740740741,0,0,blue,19.31464175
Beilstein Institut,173,133,222,2434,260,5.464256368,133,0,0,133,0,0,133,0,0,170,1,0,100,0,0,blue,0
American Economic Association,174,130,206,2843,275,4.572634541,114,29,16,7,78,0,130,0,12.30769231,97,0.570588235,60,5.384615385,22.30769231,0,blue,0.56278579
Science and Education Publishing,175,129,198,3052,283,4.226736566,129,0,0,128,0,1,129,0,0,170,1,0,99.2248062,0,0.775193798,blue,0
Geological Society of London,176,126,194,3209,294,3.92645684,43,0,83,0,22,21,126,0,65.87301587,20,0.117647059,17.46031746,0,0,16.66666667,blue,2.586475537
Brill Academic Publishers,177,125,33,58269,474,0.214522302,34,5,91,2,23,4,125,0,72.8,12,0.070588235,18.4,1.6,4,3.2,blue,0.156172236
American Society of Ichthyologists and Herpetologists (ASIH),178,122,375,449,54,27.1714922,47,28,75,0,7,12,122,0,61.47540984,25,0.147058824,5.737704918,0,22.95081967,9.836065574,blue,16.70378619
Tobacco Regulatory Science Group,179,120,441,204,6,58.82352941,119,0,1,0,102,17,120,0,0.833333333,148,0.870588235,85,0,0,14.16666667,blue,0.490196078
American Society of Parasitologists,180,115,356,556,83,20.68345324,25,10,90,0,13,2,115,0,78.26086957,9,0.052941176,11.30434783,0,8.695652174,1.739130435,blue,16.18705036
Scientific Archives LLC,180,115,328,711,113,16.17440225,115,1,0,0,2,112,115,0,0,170,1,1.739130435,0,0.869565217,97.39130435,blue,0
Entomological Society of Washington,182,114,402,368,38,30.97826087,3,0,111,0,3,0,114,0,97.36842105,1,0.005882353,2.631578947,0,0,0,blue,30.16304348
Annals of Family Medicine,183,113,322,730,119,15.47945205,113,0,0,113,0,0,113,0,0,170,1,0,100,0,0,blue,0
British Institute of Radiology,183,113,199,3018,298,3.744201458,108,0,5,10,87,11,113,0,4.424778761,124,0.729411765,76.99115044,8.849557522,0,9.734513274,blue,0.165672631
American Registry of Professional Animal Scientists,185,111,387,405,53,27.40740741,92,78,19,0,0,14,111,0,17.11711712,88,0.517647059,0,0,70.27027027,12.61261261,blue,4.691358026
Society for Sedimentary Geology,185,111,305,920,159,12.06521739,21,0,90,2,18,1,111,0,81.08108108,7,0.041176471,16.21621622,1.801801802,0,0.900900901,blue,9.782608694
Open Access Text,187,110,143,7004,394,1.570531125,110,0,0,110,0,0,110,0,0,170,1,0,100,0,0,blue,0
Joule,188,109,169,4365,354,2.497136312,109,0,0,87,22,0,109,0,0,170,1,20.18348624,79.81651376,0,0,blue,0
AACN Publishing,189,107,280,1186,198,9.021922428,80,25,27,0,55,0,107,0,25.23364486,67,0.394117647,51.40186916,0,23.36448598,0,blue,2.276559865
AOSIS,189,107,121,9711,416,1.101843271,107,0,0,101,6,0,107,0,0,170,1,5.607476636,94.39252336,0,0,blue,0
SERDI,191,106,324,721,129,14.70180305,94,22,12,0,46,26,106,0,11.32075472,100,0.588235294,43.39622642,0,20.75471698,24.52830189,blue,1.664355063
PNG Publications,192,105,400,369,48,28.45528455,85,0,20,0,78,7,105,0,19.04761905,84,0.494117647,74.28571429,0,0,6.666666667,blue,5.420054201
Statistica Sinica (Institute of Statistical Science),193,104,355,557,97,18.67145422,80,4,24,0,76,0,104,0,23.07692308,71,0.417647059,73.07692308,0,3.846153846,0,blue,4.308797128
International Global Health Society,194,97,497,0,497,0,96,0,1,93,3,0,97,0,1.030927835,147,0.864705882,3.092783505,95.87628866,0,0,blue,0
Coastal Education and Research Foundation,195,96,175,4103,357,2.339751401,8,2,88,0,6,0,96,0,91.66666667,3,0.017647059,6.25,0,2.083333333,0,blue,2.144772118
Western Journal of Emergency Medicine,196,94,254,1662,257,5.655836342,94,0,0,94,0,0,94,0,0,170,1,0,100,0,0,blue,0
Springer Publishing Company,197,92,113,10960,431,0.839416058,61,1,31,0,60,0,92,0,33.69565217,51,0.3,65.2173913,0,1.086956522,0,blue,0.282846715
Global Science Press,198,91,232,2228,290,4.08438061,49,6,42,15,28,0,91,0,46.15384615,36,0.211764706,30.76923077,16.48351648,6.593406593,0,blue,1.885098743
Institute of Navigation,198,91,217,2535,307,3.58974359,25,2,66,0,8,15,91,0,72.52747253,13,0.076470588,8.791208791,0,2.197802198,16.48351648,blue,2.603550296
International Speech Communication Association,198,91,156,5817,395,1.564380265,45,0,46,0,45,0,91,0,50.54945055,31,0.182352941,49.45054945,0,0,0,blue,0.790785628
Waterbird Society,201,89,425,278,35,32.01438849,0,0,0,0,0,0,0,89,0,170,1,0,0,0,0,blue,0
Society for the Study of Amphibians and Reptiles,202,88,417,306,46,28.75816993,0,0,0,0,0,0,0,88,0,170,1,0,0,0,0,blue,0
Royal College of Psychiatrists,202,88,146,6552,405,1.343101343,0,0,0,0,0,0,0,88,0,170,1,0,0,0,0,blue,0
Florida Entomological Society,204,87,347,581,123,14.97418244,0,0,0,0,0,0,0,87,0,170,1,0,0,0,0,blue,0
Qingres,205,85,388,404,79,21.03960396,0,0,0,0,0,0,0,85,0,170,1,0,0,0,0,blue,0
E.U. European Publishing,205,85,195,3156,342,2.693282636,0,0,0,0,0,0,0,85,0,170,1,0,0,0,0,blue,0
IMR Press,207,84,207,2842,333,2.955665025,0,0,0,0,0,0,0,84,0,170,1,0,0,0,0,blue,0
"Computers, Materials and Continua (Tech Science Press)",207,84,134,7872,421,1.067073171,0,0,0,0,0,0,0,84,0,170,1,0,0,0,0,blue,0
Physical Society of Japan,209,81,180,3782,365,2.141723956,0,0,0,0,0,0,0,81,0,170,1,0,0,0,0,blue,0
Shared Science Publishers OG,210,80,397,378,78,21.16402116,0,0,0,0,0,0,0,80,0,170,1,0,0,0,0,blue,0
Coleopterists Society,211,78,349,575,143,13.56521739,0,0,0,0,0,0,0,78,0,170,1,0,0,0,0,blue,0
Internet Society,211,78,346,583,146,13.37907376,0,0,0,0,0,0,0,78,0,170,1,0,0,0,0,blue,0
American Association on Intellectual and Developmental Disabilities (AAIDD),211,78,339,642,158,12.14953271,0,0,0,0,0,0,0,78,0,170,1,0,0,0,0,blue,0
University of Notre Dame,214,77,432,236,33,32.62711864,0,0,0,0,0,0,0,77,0,170,1,0,0,0,0,blue,0
American Bryological and Lichenological Society,214,77,400,369,81,20.86720867,0,0,0,0,0,0,0,77,0,170,1,0,0,0,0,blue,0
The Raptor Research Foundation,214,77,392,396,92,19.44444444,0,0,0,0,0,0,0,77,0,170,1,0,0,0,0,blue,0
American Society of Plant Taxonomists,214,77,372,473,112,16.27906977,0,0,0,0,0,0,0,77,0,170,1,0,0,0,0,blue,0
The Oceanography Society,218,76,368,479,115,15.86638831,0,0,0,0,0,0,0,76,0,170,1,0,0,0,0,blue,0
Herpetologists League,219,75,422,287,60,26.13240418,0,0,0,0,0,0,0,75,0,170,1,0,0,0,0,blue,0
National Shellfisheries Association,219,75,405,350,76,21.42857143,0,0,0,0,0,0,0,75,0,170,1,0,0,0,0,blue,0
Xia & He Publishing,219,75,294,1043,228,7.190795781,0,0,0,0,0,0,0,75,0,170,1,0,0,0,0,blue,0
Pan African Medical Journal,219,75,162,5431,404,1.380961149,0,0,0,0,0,0,0,75,0,170,1,0,0,0,0,blue,0
Southern Medical Association,223,74,321,733,185,10.09549795,0,0,0,0,0,0,0,74,0,170,1,0,0,0,0,blue,0
Journal of Athletic Training/NATA,223,74,295,1042,229,7.101727447,0,0,0,0,0,0,0,74,0,170,1,0,0,0,0,blue,0
Computing in Cardiology,223,74,278,1201,246,6.161532057,0,0,0,0,0,0,0,74,0,170,1,0,0,0,0,blue,0
Cellule MathDoc/CEDRAM,223,74,234,2140,312,3.457943925,0,0,0,0,0,0,0,74,0,170,1,0,0,0,0,blue,0
ICE publishing,223,74,136,7776,425,0.951646091,0,0,0,0,0,0,0,74,0,170,1,0,0,0,0,blue,0
Verein zur Forderung des Open Access Publizierens in den Quantenwissenschaften,228,73,336,674,175,10.83086053,0,0,0,0,0,0,0,73,0,170,1,0,0,0,0,blue,0
African Journals Online (AJOL),229,72,77,17659,460,0.407724107,0,0,0,0,0,0,0,72,0,170,1,0,0,0,0,blue,0
"University Library System, University of Pittsburgh",230,70,167,4642,399,1.507970702,0,0,0,0,0,0,0,70,0,170,1,0,0,0,0,blue,0
Guttmacher Institute,231,68,444,201,31,33.83084577,0,0,0,0,0,0,0,68,0,170,1,0,0,0,0,blue,0
Natural Areas Journal,231,68,419,294,70,23.1292517,0,0,0,0,0,0,0,68,0,170,1,0,0,0,0,blue,0
Aging and Disease,231,68,353,564,160,12.05673759,0,0,0,0,0,0,0,68,0,170,1,0,0,0,0,blue,0
AOTA Press,234,67,208,2832,356,2.365819209,0,0,0,0,0,0,0,67,0,170,1,0,0,0,0,blue,0
American Association of Zoo Veterinarians,235,66,316,811,212,8.13810111,0,0,0,0,0,0,0,66,0,170,1,0,0,0,0,blue,0
GeoScienceWorld,236,65,275,1246,265,5.216693419,0,0,0,0,0,0,0,65,0,170,1,0,0,0,0,blue,0
Archives of Pathology and Laboratory Medicine,237,64,288,1108,253,5.776173285,0,0,0,0,0,0,0,64,0,170,1,0,0,0,0,blue,0
American Association of Avian Pathologists (AAAP),238,62,374,453,142,13.68653422,0,0,0,0,0,0,0,62,0,170,1,0,0,0,0,blue,0
Max Planck Institute for Demographic Research,238,62,358,539,166,11.50278293,0,0,0,0,0,0,0,62,0,170,1,0,0,0,0,blue,0
American Museum of Natural History (BioOne sponsored),240,61,464,162,25,37.65432099,0,0,0,0,0,0,0,61,0,170,1,0,0,0,0,blue,0
Sciaccess Publishers LLC,240,61,309,876,231,6.96347032,0,0,0,0,0,0,0,61,0,170,1,0,0,0,0,blue,0
ASTM International,240,61,187,3606,385,1.691625069,0,0,0,0,0,0,0,61,0,170,1,0,0,0,0,blue,0
Robotics: Science and Systems Foundation,243,59,382,425,139,13.88235294,0,0,0,0,0,0,0,59,0,170,1,0,0,0,0,blue,0
Vanderbilt University Library,243,59,381,428,140,13.78504673,0,0,0,0,0,0,0,59,0,170,1,0,0,0,0,blue,0
Case Western Reserve University,245,57,474,128,17,44.53125,0,0,0,0,0,0,0,57,0,170,1,0,0,0,0,blue,0
WHO Press,245,57,307,885,238,6.440677966,0,0,0,0,0,0,0,57,0,170,1,0,0,0,0,blue,0
Daedalus Enterprises,245,57,285,1158,272,4.922279793,0,0,0,0,0,0,0,57,0,170,1,0,0,0,0,blue,0
Georgia Entomological Society,248,56,424,284,89,19.71830986,0,0,0,0,0,0,0,56,0,170,1,0,0,0,0,blue,0
Antiquity Publications,248,56,279,1198,274,4.674457429,0,0,0,0,0,0,0,56,0,170,1,0,0,0,0,blue,0
Northwest Scientific Association,250,55,472,137,21,40.1459854,0,0,0,0,0,0,0,55,0,170,1,0,0,0,0,blue,0
Lepidopterists' Society,251,54,435,226,67,23.89380531,0,0,0,0,0,0,0,54,0,170,1,0,0,0,0,blue,0
International Ocean Discovery Program (IODP),252,53,492,56,1,94.64285714,0,0,0,0,0,0,0,53,0,170,1,0,0,0,0,blue,0
National Inquiry Services Center (NISC),252,53,227,2334,359,2.270779777,0,0,0,0,0,0,0,53,0,170,1,0,0,0,0,blue,0
American Scientific Publishers,252,53,63,25431,475,0.208407062,0,0,0,0,0,0,0,53,0,170,1,0,0,0,0,blue,0
International Journal of Particle Therapy,255,52,457,178,44,29.21348315,0,0,0,0,0,0,0,52,0,170,1,0,0,0,0,blue,0
European Centre for Disease Control and Prevention (ECDC),255,52,272,1271,289,4.091266719,0,0,0,0,0,0,0,52,0,170,1,0,0,0,0,blue,0
Engineering Sciences Press,257,51,261,1551,320,3.288201161,0,0,0,0,0,0,0,51,0,170,1,0,0,0,0,blue,0
HICSS Conference Office,257,51,174,4120,410,1.237864078,0,0,0,0,0,0,0,51,0,170,1,0,0,0,0,blue,0
Inderscience Publishers,257,51,29,79568,492,0.064096119,0,0,0,0,0,0,0,51,0,170,1,0,0,0,0,blue,0
Cell Physiol Biochem Press GmbH and Co KG,260,50,364,489,182,10.22494888,0,0,0,0,0,0,0,50,0,170,1,0,0,0,0,blue,0
Bernoulli Society for Mathematical Statistics and Probability,260,50,344,598,207,8.361204013,0,0,0,0,0,0,0,50,0,170,1,0,0,0,0,blue,0
Academy of Managed Care Pharmacy,260,50,306,891,258,5.611672278,0,0,0,0,0,0,0,50,0,170,1,0,0,0,0,blue,0
"Managed Care and Healthcare Communications, LLC",263,49,373,472,179,10.38135593,0,0,0,0,0,0,0,49,0,170,1,0,0,0,0,blue,0
IMAPS - International Microelectronics Assembly and Packaging Society,263,49,314,843,252,5.81257414,0,0,0,0,0,0,0,49,0,170,1,0,0,0,0,blue,0
American Veterinary Medical Association (AVMA),263,49,214,2636,373,1.858877086,0,0,0,0,0,0,0,49,0,170,1,0,0,0,0,blue,0
Hogrefe Publishing Group,263,49,125,9212,453,0.531914894,0,0,0,0,0,0,0,49,0,170,1,0,0,0,0,blue,0
Edizioni Minerva Medica,263,49,98,13409,461,0.365426206,0,0,0,0,0,0,0,49,0,170,1,0,0,0,0,blue,0
COPD Foundation,268,48,434,234,85,20.51282051,0,0,0,0,0,0,0,48,0,170,1,0,0,0,0,blue,0
International Scientific Information,268,48,141,7352,443,0.652883569,0,0,0,0,0,0,0,48,0,170,1,0,0,0,0,blue,0
American Entomological Society,270,47,384,412,168,11.40776699,0,0,0,0,0,0,0,47,0,170,1,0,0,0,0,blue,0
Society for Imaging Science & Technology,270,47,218,2486,372,1.890587289,0,0,0,0,0,0,0,47,0,170,1,0,0,0,0,blue,0
Now Publishers,272,46,264,1529,328,3.008502289,0,0,0,0,0,0,0,46,0,170,1,0,0,0,0,blue,0
Frontline Medical Communications,272,46,247,1816,351,2.533039648,0,0,0,0,0,0,0,46,0,170,1,0,0,0,0,blue,0
University of Toronto Press,272,46,82,16054,468,0.286532951,0,0,0,0,0,0,0,46,0,170,1,0,0,0,0,blue,0
Society for Vector Ecology,275,45,445,200,73,22.5,0,0,0,0,0,0,0,45,0,170,1,0,0,0,0,blue,0
Society of Southwestern Entomologists,275,45,338,665,232,6.766917293,0,0,0,0,0,0,0,45,0,170,1,0,0,0,0,blue,0
Weston Medical Publishing,275,45,299,997,277,4.513540622,0,0,0,0,0,0,0,45,0,170,1,0,0,0,0,blue,0
"Elmer Press, Inc.",275,45,211,2678,386,1.680358476,0,0,0,0,0,0,0,45,0,170,1,0,0,0,0,blue,0
John Benjamins Publishing Company,275,45,88,15170,466,0.296638102,0,0,0,0,0,0,0,45,0,170,1,0,0,0,0,blue,0
Fortune Journals,280,44,216,2577,383,1.707411719,0,0,0,0,0,0,0,44,0,170,1,0,0,0,0,blue,0
Steklov Mathematical Institute,280,44,178,4013,417,1.096436581,0,0,0,0,0,0,0,44,0,170,1,0,0,0,0,blue,0
Scientific Scholar,280,44,138,7680,450,0.572916667,0,0,0,0,0,0,0,44,0,170,1,0,0,0,0,blue,0
Maad Rayan Publishing Company,280,44,133,7895,451,0.557314756,0,0,0,0,0,0,0,44,0,170,1,0,0,0,0,blue,0
European Cells and Materials,284,43,430,238,102,18.06722689,0,0,0,0,0,0,0,43,0,170,1,0,0,0,0,blue,0
Jagiellonian University,284,43,257,1608,344,2.674129353,0,0,0,0,0,0,0,43,0,170,1,0,0,0,0,blue,0
PAGEPress Publications,284,43,144,6897,447,0.623459475,0,0,0,0,0,0,0,43,0,170,1,0,0,0,0,blue,0
Northwestern Naturalist,287,42,471,141,43,29.78723404,0,0,0,0,0,0,0,42,0,170,1,0,0,0,0,blue,0
North Carolina Institute of Medicine,287,42,359,535,214,7.85046729,0,0,0,0,0,0,0,42,0,170,1,0,0,0,0,blue,0
Association of American Medical Colleges,287,42,335,676,244,6.213017751,0,0,0,0,0,0,0,42,0,170,1,0,0,0,0,blue,0
"Institute of Mathematics, Polish Academy of Sciences",287,42,237,2106,369,1.994301994,0,0,0,0,0,0,0,42,0,170,1,0,0,0,0,blue,0
South African Medical Association NPC,287,42,224,2403,381,1.747815231,0,0,0,0,0,0,0,42,0,170,1,0,0,0,0,blue,0
U.S. Fish and Wildlife Service,292,41,411,323,152,12.69349845,0,0,0,0,0,0,0,41,0,170,1,0,0,0,0,blue,0
Chelonian Conservation and Biology Journal,293,40,451,188,77,21.27659574,0,0,0,0,0,0,0,40,0,170,1,0,0,0,0,blue,0
The American Mosquito Control Association,293,40,422,287,138,13.93728223,0,0,0,0,0,0,0,40,0,170,1,0,0,0,0,blue,0
Akademiai Kiado Zrt.,293,40,122,9686,459,0.412967169,0,0,0,0,0,0,0,40,0,170,1,0,0,0,0,blue,0
"MedCrave Group, LLC",293,40,87,15380,471,0.260078023,0,0,0,0,0,0,0,40,0,170,1,0,0,0,0,blue,0
Society of Petroleum Engineers (SPE),293,40,60,26334,480,0.151894889,0,0,0,0,0,0,0,40,0,170,1,0,0,0,0,blue,0
The Permanente Press,293,40,497,0,497,0,0,0,0,0,0,0,0,40,0,170,1,0,0,0,0,blue,0
Journal of Biological Methods,299,39,476,114,30,34.21052632,0,0,0,0,0,0,0,39,0,170,1,0,0,0,0,blue,0
American Association of Petroleum Geologists AAPG/Datapages,299,39,219,2480,393,1.572580645,0,0,0,0,0,0,0,39,0,170,1,0,0,0,0,blue,0
California Botanical Society,301,38,460,174,75,21.83908046,0,0,0,0,0,0,0,38,0,170,1,0,0,0,0,blue,0
Soil and Water Conservation Society,301,38,386,406,195,9.359605911,0,0,0,0,0,0,0,38,0,170,1,0,0,0,0,blue,0
Journal of Orthopaedic & Sports Physical Therapy (JOSPT),303,37,326,712,266,5.196629213,0,0,0,0,0,0,0,37,0,170,1,0,0,0,0,blue,0
Laser Institute of America,303,37,312,851,281,4.347826087,0,0,0,0,0,0,0,37,0,170,1,0,0,0,0,blue,0
Association of Biomolecular Resource Facilities,305,36,475,116,37,31.03448276,0,0,0,0,0,0,0,36,0,170,1,0,0,0,0,blue,0
Pacific Science,305,36,456,184,91,19.56521739,0,0,0,0,0,0,0,36,0,170,1,0,0,0,0,blue,0
Annals of Mathematics,305,36,454,186,95,19.35483871,0,0,0,0,0,0,0,36,0,170,1,0,0,0,0,blue,0
Paris Scholar Publishing,305,36,420,291,155,12.37113402,0,0,0,0,0,0,0,36,0,170,1,0,0,0,0,blue,0
River Publishers,305,36,253,1667,363,2.159568086,0,0,0,0,0,0,0,36,0,170,1,0,0,0,0,blue,0
IGI Global,305,36,46,38555,487,0.093373103,0,0,0,0,0,0,0,36,0,170,1,0,0,0,0,blue,0
National Institute on Alcohol Abuse and Alcoholism,311,35,493,47,2,74.46808511,0,0,0,0,0,0,0,35,0,170,1,0,0,0,0,blue,0
Scitechnol Biosoft,311,35,188,3596,422,0.973303671,0,0,0,0,0,0,0,35,0,170,1,0,0,0,0,blue,0
Mark Allen Group,311,35,37,43543,491,0.080380314,0,0,0,0,0,0,0,35,0,170,1,0,0,0,0,blue,0
Centers for American Indian and Alaska Native Health,314,34,490,71,15,47.88732394,0,0,0,0,0,0,0,34,0,170,1,0,0,0,0,blue,0
Castanea,314,34,473,134,62,25.37313433,0,0,0,0,0,0,0,34,0,170,1,0,0,0,0,blue,0
LIDSEN Publishing Inc,314,34,285,1158,335,2.936096718,0,0,0,0,0,0,0,34,0,170,1,0,0,0,0,blue,0
Sciedu Press,314,34,161,5491,448,0.619195046,0,0,0,0,0,0,0,34,0,170,1,0,0,0,0,blue,0
Termedia Sp. z.o.o.,314,34,109,11846,467,0.287016715,0,0,0,0,0,0,0,34,0,170,1,0,0,0,0,blue,0
Kansas Academy of Science,319,33,447,197,109,16.75126904,0,0,0,0,0,0,0,33,0,170,1,0,0,0,0,blue,0
ProBiologists LLC,319,33,420,291,170,11.34020619,0,0,0,0,0,0,0,33,0,170,1,0,0,0,0,blue,0
EDITORA SCIENTIFIC,319,33,298,1002,319,3.293413174,0,0,0,0,0,0,0,33,0,170,1,0,0,0,0,blue,0
Journal of Graduate Medical Education,319,33,297,1015,321,3.251231527,0,0,0,0,0,0,0,33,0,170,1,0,0,0,0,blue,0
National Council of Teachers of Mathematics,319,33,268,1413,358,2.335456476,0,0,0,0,0,0,0,33,0,170,1,0,0,0,0,blue,0
ClinMed International Library,319,33,177,4065,433,0.811808118,0,0,0,0,0,0,0,33,0,170,1,0,0,0,0,blue,0
Southwestern Association of Naturalists,325,32,459,176,100,18.18181818,0,0,0,0,0,0,0,32,0,170,1,0,0,0,0,blue,0
American Arachnological Society,325,32,435,226,133,14.15929204,0,0,0,0,0,0,0,32,0,170,1,0,0,0,0,blue,0
"SIGMA (Symmetry, Integrability and Geometry: Methods and Application)",325,32,345,595,262,5.378151261,0,0,0,0,0,0,0,32,0,170,1,0,0,0,0,blue,0
Stockholm University Press,325,32,303,937,314,3.415154749,0,0,0,0,0,0,0,32,0,170,1,0,0,0,0,blue,0
Taiwan Association for Aerosol Research,325,32,274,1267,352,2.525651144,0,0,0,0,0,0,0,32,0,170,1,0,0,0,0,blue,0
European Association of Geochemistry,325,32,201,2923,418,1.094765652,0,0,0,0,0,0,0,32,0,170,1,0,0,0,0,blue,0
Aurora Health Care,331,31,406,346,200,8.959537572,0,0,0,0,0,0,0,31,0,170,1,0,0,0,0,blue,0
Canadian Mathematical Society,331,31,311,854,304,3.629976581,0,0,0,0,0,0,0,31,0,170,1,0,0,0,0,blue,0
The Electronic Journal of Combinatorics,331,31,283,1161,346,2.670111972,0,0,0,0,0,0,0,31,0,170,1,0,0,0,0,blue,0
British Editorial Society of Bone & Joint Surgery,331,31,213,2669,413,1.161483702,0,0,0,0,0,0,0,31,0,170,1,0,0,0,0,blue,0
Scholink,331,31,210,2744,415,1.129737609,0,0,0,0,0,0,0,31,0,170,1,0,0,0,0,blue,0
Scitepress,331,31,70,22524,481,0.137630971,0,0,0,0,0,0,0,31,0,170,1,0,0,0,0,blue,0
Museum and Institute of Zoology at the Polish Academy of Sciences,337,30,323,726,286,4.132231405,0,0,0,0,0,0,0,30,0,170,1,0,0,0,0,blue,0
AVES Publishing,337,30,114,10894,469,0.275380944,0,0,0,0,0,0,0,30,0,170,1,0,0,0,0,blue,0
Juniper Publishers,337,30,111,11691,472,0.256607647,0,0,0,0,0,0,0,30,0,170,1,0,0,0,0,blue,0
Missouri Botanical Garden Press,340,29,417,306,194,9.477124183,0,0,0,0,0,0,0,29,0,170,1,0,0,0,0,blue,0
"Museum National d'Histoire Naturelle, Paris, France",340,29,319,780,300,3.717948718,0,0,0,0,0,0,0,29,0,170,1,0,0,0,0,blue,0
Sci Forschen,340,29,271,1292,360,2.244582043,0,0,0,0,0,0,0,29,0,170,1,0,0,0,0,blue,0
EpiSmart Science Vector Ltd,340,29,240,2026,401,1.431391905,0,0,0,0,0,0,0,29,0,170,1,0,0,0,0,blue,0
IBM,344,28,446,198,134,14.14141414,0,0,0,0,0,0,0,28,0,170,1,0,0,0,0,blue,0
Korean Endocrine Society,344,28,378,439,243,6.378132118,0,0,0,0,0,0,0,28,0,170,1,0,0,0,0,blue,0
American Spinal Injury Association,346,27,449,192,136,14.0625,0,0,0,0,0,0,0,27,0,170,1,0,0,0,0,blue,0
AI Access Foundation,346,27,390,401,233,6.733167082,0,0,0,0,0,0,0,27,0,170,1,0,0,0,0,blue,0
NACE International,346,27,497,0,497,0,0,0,0,0,0,0,0,27,0,170,1,0,0,0,0,blue,0
Helminthological Society,349,26,467,151,107,17.21854305,0,0,0,0,0,0,0,26,0,170,1,0,0,0,0,blue,0
The Korean Association of Immunobiologists,349,26,433,235,173,11.06382979,0,0,0,0,0,0,0,26,0,170,1,0,0,0,0,blue,0
Foundation for Open Access Statistic,349,26,394,388,235,6.701030928,0,0,0,0,0,0,0,26,0,170,1,0,0,0,0,blue,0
Chinese Chemical Society,349,26,326,712,303,3.651685393,0,0,0,0,0,0,0,26,0,170,1,0,0,0,0,blue,0
Knowledge Enterprise Journals,349,26,312,851,327,3.055229142,0,0,0,0,0,0,0,26,0,170,1,0,0,0,0,blue,0
Edinburgh University Library,349,26,259,1581,389,1.644528779,0,0,0,0,0,0,0,26,0,170,1,0,0,0,0,blue,0
Ant Publishing,355,25,464,162,121,15.43209877,0,0,0,0,0,0,0,25,0,170,1,0,0,0,0,blue,0
Westerdijk Fungal Biodiversity Institute,355,25,453,187,147,13.36898396,0,0,0,0,0,0,0,25,0,170,1,0,0,0,0,blue,0
Korean Diabetes Association,355,25,337,672,299,3.720238095,0,0,0,0,0,0,0,25,0,170,1,0,0,0,0,blue,0
Instituto Nacional de Salud Publica,355,25,329,707,310,3.536067893,0,0,0,0,0,0,0,25,0,170,1,0,0,0,0,blue,0
Open Publishing Association,355,25,269,1395,379,1.792114695,0,0,0,0,0,0,0,25,0,170,1,0,0,0,0,blue,0
CourseSource,360,24,457,178,145,13.48314607,0,0,0,0,0,0,0,24,0,170,1,0,0,0,0,blue,0
Society of Ethnobiology,360,24,410,324,223,7.407407407,0,0,0,0,0,0,0,24,0,170,1,0,0,0,0,blue,0
"Scandinavian Journal of Work, Environment and Health",360,24,398,375,241,6.4,0,0,0,0,0,0,0,24,0,170,1,0,0,0,0,blue,0
Japan Epidemiological Association,360,24,361,528,276,4.545454545,0,0,0,0,0,0,0,24,0,170,1,0,0,0,0,blue,0
Society of Economic Geologists,360,24,330,702,313,3.418803419,0,0,0,0,0,0,0,24,0,170,1,0,0,0,0,blue,0
Asian Australasian Association of Animal Production Societies,360,24,290,1099,362,2.183803458,0,0,0,0,0,0,0,24,0,170,1,0,0,0,0,blue,0
Dustri-Verlgag Dr. Karl Feistle,360,24,190,3513,440,0.683176772,0,0,0,0,0,0,0,24,0,170,1,0,0,0,0,blue,0
California Digital Library (CDL),360,24,176,4076,449,0.588812561,0,0,0,0,0,0,0,24,0,170,1,0,0,0,0,blue,0
Bristol University Press,360,24,94,13854,477,0.173235167,0,0,0,0,0,0,0,24,0,170,1,0,0,0,0,blue,0
EMBnet Stichting,369,23,483,87,57,26.43678161,0,0,0,0,0,0,0,23,0,170,1,0,0,0,0,blue,0
Transpopmed,369,23,483,87,57,26.43678161,0,0,0,0,0,0,0,23,0,170,1,0,0,0,0,blue,0
Journal of Clinical and Translational Research,369,23,451,188,156,12.23404255,0,0,0,0,0,0,0,23,0,170,1,0,0,0,0,blue,0
Russell Sage Foundation,369,23,435,226,183,10.17699115,0,0,0,0,0,0,0,23,0,170,1,0,0,0,0,blue,0
Council on Undergraduate Research,369,23,427,247,196,9.311740891,0,0,0,0,0,0,0,23,0,170,1,0,0,0,0,blue,0
Pediatric Pharmacy Advocacy Group,369,23,377,447,267,5.14541387,0,0,0,0,0,0,0,23,0,170,1,0,0,0,0,blue,0
VM Media SP. zo.o VM Group SK,369,23,147,6398,462,0.35948734,0,0,0,0,0,0,0,23,0,170,1,0,0,0,0,blue,0
DEStech Publications,369,23,67,24255,486,0.094825809,0,0,0,0,0,0,0,23,0,170,1,0,0,0,0,blue,0
Ursus,377,22,480,92,66,23.91304348,0,0,0,0,0,0,0,22,0,170,1,0,0,0,0,blue,0
Kansas Entomological Society,377,22,468,148,124,14.86486486,0,0,0,0,0,0,0,22,0,170,1,0,0,0,0,blue,0
National Institute of Standards and Technology (NIST),377,22,443,202,174,10.89108911,0,0,0,0,0,0,0,22,0,170,1,0,0,0,0,blue,0
UPV/EHU Press,377,22,239,2042,420,1.077375122,0,0,0,0,0,0,0,22,0,170,1,0,0,0,0,blue,0
Open Library of the Humanities,377,22,221,2440,427,0.901639344,0,0,0,0,0,0,0,22,0,170,1,0,0,0,0,blue,0
Japanese Circulation Society,377,22,220,2457,428,0.895400895,0,0,0,0,0,0,0,22,0,170,1,0,0,0,0,blue,0
Diva Enterprises,377,22,45,38942,495,0.056494274,0,0,0,0,0,0,0,22,0,170,1,0,0,0,0,blue,0
American Innovative Medical Sciences and Technologies (AIMSCI),384,21,470,144,131,14.58333333,0,0,0,0,0,0,0,21,0,170,1,0,0,0,0,blue,0
American Journal of Science (AJS),384,21,462,165,151,12.72727273,0,0,0,0,0,0,0,21,0,170,1,0,0,0,0,blue,0
"Smart Science and Technology, LLC",384,21,450,189,172,11.11111111,0,0,0,0,0,0,0,21,0,170,1,0,0,0,0,blue,0
Zoological Research,384,21,413,315,236,6.666666667,0,0,0,0,0,0,0,21,0,170,1,0,0,0,0,blue,0
The R Foundation,384,21,409,327,240,6.422018349,0,0,0,0,0,0,0,21,0,170,1,0,0,0,0,blue,0
Korean Continence Society,384,21,408,329,242,6.382978723,0,0,0,0,0,0,0,21,0,170,1,0,0,0,0,blue,0
The North American Chapter of the International Group for the Psychology of Mathematics Education,384,21,391,399,264,5.263157895,0,0,0,0,0,0,0,21,0,170,1,0,0,0,0,blue,0
ALTEX Edition,384,21,383,423,270,4.964539007,0,0,0,0,0,0,0,21,0,170,1,0,0,0,0,blue,0
Cleveland Clinic Journal of Medicine,384,21,318,796,348,2.638190955,0,0,0,0,0,0,0,21,0,170,1,0,0,0,0,blue,0
Systematic and Applied Acarology Society,384,21,310,873,355,2.405498282,0,0,0,0,0,0,0,21,0,170,1,0,0,0,0,blue,0
Longdom Group,384,21,281,1165,375,1.802575107,0,0,0,0,0,0,0,21,0,170,1,0,0,0,0,blue,0
The Electromagnetics Academy,384,21,197,3122,441,0.67264574,0,0,0,0,0,0,0,21,0,170,1,0,0,0,0,blue,0
Journal of Privacy and Confidentiality,396,20,488,75,56,26.66666667,0,0,0,0,0,0,0,20,0,170,1,0,0,0,0,blue,0
Research Society on Marijuana,396,20,485,84,68,23.80952381,0,0,0,0,0,0,0,20,0,170,1,0,0,0,0,blue,0
Open Exploration Publishing,396,20,454,186,177,10.75268817,0,0,0,0,0,0,0,20,0,170,1,0,0,0,0,blue,0
Earth and Planetary Physics,396,20,428,246,213,8.130081301,0,0,0,0,0,0,0,20,0,170,1,0,0,0,0,blue,0
Illinois State University,396,20,407,330,248,6.060606061,0,0,0,0,0,0,0,20,0,170,1,0,0,0,0,blue,0
The Korean Urological Association,396,20,389,403,271,4.962779156,0,0,0,0,0,0,0,20,0,170,1,0,0,0,0,blue,0
Oceanside Publications,396,20,354,558,308,3.584229391,0,0,0,0,0,0,0,20,0,170,1,0,0,0,0,blue,0
Graphyonline Publications,396,20,342,629,324,3.179650238,0,0,0,0,0,0,0,20,0,170,1,0,0,0,0,blue,0
Purdue University (bepress),396,20,267,1422,403,1.406469761,0,0,0,0,0,0,0,20,0,170,1,0,0,0,0,blue,0
Zhejiang University Press,396,20,260,1578,407,1.267427123,0,0,0,0,0,0,0,20,0,170,1,0,0,0,0,blue,0
Southern California Academy of Sciences,406,19,491,68,49,27.94117647,0,0,0,0,0,0,0,19,0,170,1,0,0,0,0,blue,0
The Shodor Education Foundation,406,19,481,91,80,20.87912088,0,0,0,0,0,0,0,19,0,170,1,0,0,0,0,blue,0
Organic Syntheses,406,19,468,148,150,12.83783784,0,0,0,0,0,0,0,19,0,170,1,0,0,0,0,blue,0
Pacific Coast Entomological Society,406,19,463,163,163,11.65644172,0,0,0,0,0,0,0,19,0,170,1,0,0,0,0,blue,0
Delaware Academy of Medicine - Delaware Public Health Association,406,19,396,380,268,5,0,0,0,0,0,0,0,19,0,170,1,0,0,0,0,blue,0
Society for Modeling and Simulation International (SCS),406,19,367,481,293,3.95010395,0,0,0,0,0,0,0,19,0,170,1,0,0,0,0,blue,0
Hellenic Society of Gastroenterology,406,19,351,565,317,3.362831858,0,0,0,0,0,0,0,19,0,170,1,0,0,0,0,blue,0
"The Korean Academy of Asthma, Allergy and Clinical Immunology and The Korean Academy of Pediatric Al",406,19,340,639,331,2.973395931,0,0,0,0,0,0,0,19,0,170,1,0,0,0,0,blue,0
"CAD Solutions, LLC",406,19,292,1055,376,1.800947867,0,0,0,0,0,0,0,19,0,170,1,0,0,0,0,blue,0
JCFCorp SG PTE LTD,406,19,284,1159,391,1.639344262,0,0,0,0,0,0,0,19,0,170,1,0,0,0,0,blue,0
Indiana University,406,19,173,4258,457,0.446218882,0,0,0,0,0,0,0,19,0,170,1,0,0,0,0,blue,0
Academy of Natural Sciences of Philadelphia,417,18,496,32,8,56.25,0,0,0,0,0,0,0,18,0,170,1,0,0,0,0,blue,0
Tree-Ring Society,417,18,489,74,65,24.32432432,0,0,0,0,0,0,0,18,0,170,1,0,0,0,0,blue,0
University of Puerto Rico at Mayaguez,417,18,486,78,71,23.07692308,0,0,0,0,0,0,0,18,0,170,1,0,0,0,0,blue,0
Korean Stroke Society,417,18,431,237,220,7.594936709,0,0,0,0,0,0,0,18,0,170,1,0,0,0,0,blue,0
College of Psychiatric and Neurologic Pharmacists (CPNP),417,18,429,244,225,7.37704918,0,0,0,0,0,0,0,18,0,170,1,0,0,0,0,blue,0
International Mountain Society (IMS) and United Nations University,417,18,416,313,254,5.750798722,0,0,0,0,0,0,0,18,0,170,1,0,0,0,0,blue,0
Ecancer Global Foundation,417,18,333,680,347,2.647058824,0,0,0,0,0,0,0,18,0,170,1,0,0,0,0,blue,0
Pan American Health Organization,417,18,296,1041,382,1.729106628,0,0,0,0,0,0,0,18,0,170,1,0,0,0,0,blue,0
Symbiosis Group,417,18,276,1218,400,1.477832512,0,0,0,0,0,0,0,18,0,170,1,0,0,0,0,blue,0
University of Wisconsin Press,417,18,230,2255,434,0.798226164,0,0,0,0,0,0,0,18,0,170,1,0,0,0,0,blue,0
Medical Journals Sweden AB,417,18,209,2804,444,0.641940086,0,0,0,0,0,0,0,18,0,170,1,0,0,0,0,blue,0
"Publicidad Permanyer, SLU",417,18,145,6645,470,0.270880361,0,0,0,0,0,0,0,18,0,170,1,0,0,0,0,blue,0
SciELO Agencia Nacional de Investigacion y Desarrollo (ANID),417,18,89,15076,484,0.119395065,0,0,0,0,0,0,0,18,0,170,1,0,0,0,0,blue,0
American Malacological Society,430,17,479,95,104,17.89473684,0,0,0,0,0,0,0,17,0,170,1,0,0,0,0,blue,0
BioOne,430,17,441,204,209,8.333333333,0,0,0,0,0,0,0,17,0,170,1,0,0,0,0,blue,0
The Korean Society of Neurogastroenterology and Motility,430,17,393,393,282,4.325699746,0,0,0,0,0,0,0,17,0,170,1,0,0,0,0,blue,0
Avens Publishing Group,430,17,370,476,309,3.571428571,0,0,0,0,0,0,0,17,0,170,1,0,0,0,0,blue,0
Linguistic Society of America,430,17,308,877,370,1.938426454,0,0,0,0,0,0,0,17,0,170,1,0,0,0,0,blue,0
Korean Neuropsychiatric Association,430,17,304,929,374,1.82992465,0,0,0,0,0,0,0,17,0,170,1,0,0,0,0,blue,0
Radcliffe Cardiology,430,17,302,948,378,1.793248945,0,0,0,0,0,0,0,17,0,170,1,0,0,0,0,blue,0
Gavin Publishers,430,17,225,2373,438,0.716392752,0,0,0,0,0,0,0,17,0,170,1,0,0,0,0,blue,0
John Libbey Eurotext,430,17,191,3441,454,0.49404243,0,0,0,0,0,0,0,17,0,170,1,0,0,0,0,blue,0
Science Publishing Group,430,17,75,18433,488,0.092225899,0,0,0,0,0,0,0,17,0,170,1,0,0,0,0,blue,0
Cancer Biology and Medicine,430,17,497,0,497,0,0,0,0,0,0,0,0,17,0,170,1,0,0,0,0,blue,0
Journal of Artificial Societies and Social Simulation,441,16,438,222,226,7.207207207,0,0,0,0,0,0,0,16,0,170,1,0,0,0,0,blue,0
Naturalis Biodiversity Center,441,16,438,222,226,7.207207207,0,0,0,0,0,0,0,16,0,170,1,0,0,0,0,blue,0
Korean Society for Sexual Medicine and Andrology,441,16,426,270,250,5.925925926,0,0,0,0,0,0,0,16,0,170,1,0,0,0,0,blue,0
Mineralogical Association of Canada,441,16,403,362,279,4.419889503,0,0,0,0,0,0,0,16,0,170,1,0,0,0,0,blue,0
Inishmore Laser Scientific Publishing Ltd,441,16,371,475,316,3.368421053,0,0,0,0,0,0,0,16,0,170,1,0,0,0,0,blue,0
International Journal of Sports Physical Therapy,441,16,360,532,329,3.007518797,0,0,0,0,0,0,0,16,0,170,1,0,0,0,0,blue,0
Engineered Science Publisher,441,16,351,565,338,2.831858407,0,0,0,0,0,0,0,16,0,170,1,0,0,0,0,blue,0
EasyChair,441,16,247,1816,430,0.881057269,0,0,0,0,0,0,0,16,0,170,1,0,0,0,0,blue,0
University of Minnesota Press,441,16,233,2187,437,0.731595793,0,0,0,0,0,0,0,16,0,170,1,0,0,0,0,blue,0
Schweizerbart,441,16,204,2903,452,0.551153979,0,0,0,0,0,0,0,16,0,170,1,0,0,0,0,blue,0
European Alliance for Innovation n.o.,441,16,103,12639,482,0.126592294,0,0,0,0,0,0,0,16,0,170,1,0,0,0,0,blue,0
Canadian Center of Science and Education,441,16,84,15957,485,0.100269474,0,0,0,0,0,0,0,16,0,170,1,0,0,0,0,blue,0
Trans Tech Publications,441,16,65,25245,493,0.063378887,0,0,0,0,0,0,0,16,0,170,1,0,0,0,0,blue,0
"Museum of Comparative Zoology, Harvard University",454,15,495,42,28,35.71428571,0,0,0,0,0,0,0,15,0,170,1,0,0,0,0,blue,0
KenzPub,454,15,487,76,88,19.73684211,0,0,0,0,0,0,0,15,0,170,1,0,0,0,0,blue,0
Beta Beta Biological Society,454,15,461,167,199,8.982035928,0,0,0,0,0,0,0,15,0,170,1,0,0,0,0,blue,0
Global Health and Education Projects (GHEP),454,15,448,193,216,7.772020725,0,0,0,0,0,0,0,15,0,170,1,0,0,0,0,blue,0
Korean Society for Biochemistry and Molecular Biology - BMB Reports,454,15,363,506,332,2.964426877,0,0,0,0,0,0,0,15,0,170,1,0,0,0,0,blue,0
Lyson Center for Civic Agriculture and Food Systems,454,15,362,510,334,2.941176471,0,0,0,0,0,0,0,15,0,170,1,0,0,0,0,blue,0
Chinese Center for Disease Control and Prevention,454,15,357,546,339,2.747252747,0,0,0,0,0,0,0,15,0,170,1,0,0,0,0,blue,0
Canadian Urological Association Journal,454,15,277,1211,409,1.238645747,0,0,0,0,0,0,0,15,0,170,1,0,0,0,0,blue,0
Science Repository OU,454,15,262,1546,423,0.970245796,0,0,0,0,0,0,0,15,0,170,1,0,0,0,0,blue,0
Europa Digital & Publishing,454,15,251,1694,429,0.885478158,0,0,0,0,0,0,0,15,0,170,1,0,0,0,0,blue,0
University of Michigan Library,454,15,226,2341,445,0.640751815,0,0,0,0,0,0,0,15,0,170,1,0,0,0,0,blue,0
Berghahn Books,454,15,166,4810,465,0.311850312,0,0,0,0,0,0,0,15,0,170,1,0,0,0,0,blue,0
Scandinavian University Press / Universitetsforlaget AS,454,15,124,9303,479,0.16123831,0,0,0,0,0,0,0,15,0,170,1,0,0,0,0,blue,0
Galenos Yayinevi,454,15,107,11902,483,0.126029239,0,0,0,0,0,0,0,15,0,170,1,0,0,0,0,blue,0
Korean Society of Cancer Prevention,468,14,466,159,202,8.805031447,0,0,0,0,0,0,0,14,0,170,1,0,0,0,0,blue,0
Sci-Comm Consulting Ltd,468,14,440,214,237,6.542056075,0,0,0,0,0,0,0,14,0,170,1,0,0,0,0,blue,0
Past Global Changes (PAGES),468,14,415,314,278,4.458598726,0,0,0,0,0,0,0,14,0,170,1,0,0,0,0,blue,0
Marine Technology Society,468,14,384,412,315,3.398058252,0,0,0,0,0,0,0,14,0,170,1,0,0,0,0,blue,0
Southwest Journal of Pulmonary and Critical Care,468,14,379,436,323,3.211009174,0,0,0,0,0,0,0,14,0,170,1,0,0,0,0,blue,0
The Angle Orthodontist (EH Angle Education & Research Foundation),468,14,341,633,361,2.211690363,0,0,0,0,0,0,0,14,0,170,1,0,0,0,0,blue,0
Korean Cancer Association,468,14,333,680,367,2.058823529,0,0,0,0,0,0,0,14,0,170,1,0,0,0,0,blue,0
ARKAT USA,468,14,332,690,368,2.028985507,0,0,0,0,0,0,0,14,0,170,1,0,0,0,0,blue,0
Institute of Physiology of the Czech Academy of Sciences,468,14,315,827,384,1.69286578,0,0,0,0,0,0,0,14,0,170,1,0,0,0,0,blue,0
IUScholarWorks,468,14,289,1106,408,1.265822785,0,0,0,0,0,0,0,14,0,170,1,0,0,0,0,blue,0
Korean Academy of Medical Sciences,468,14,250,1716,432,0.815850816,0,0,0,0,0,0,0,14,0,170,1,0,0,0,0,blue,0
Quintessence Publishing,468,14,231,2243,446,0.624164066,0,0,0,0,0,0,0,14,0,170,1,0,0,0,0,blue,0
Science Publications,468,14,160,5493,473,0.254869834,0,0,0,0,0,0,0,14,0,170,1,0,0,0,0,blue,0
ScopeMed,468,14,86,15461,489,0.090550417,0,0,0,0,0,0,0,14,0,170,1,0,0,0,0,blue,0
IATED Academy,468,14,69,23270,494,0.0601633,0,0,0,0,0,0,0,14,0,170,1,0,0,0,0,blue,0
Sciencedomain International,468,14,40,40285,496,0.034752389,0,0,0,0,0,0,0,14,0,170,1,0,0,0,0,blue,0
South Carolina Entomological Society,484,13,494,45,45,28.88888889,0,0,0,0,0,0,0,13,0,170,1,0,0,0,0,blue,0
The Biological Society of Washington,484,13,482,90,132,14.44444444,0,0,0,0,0,0,0,13,0,170,1,0,0,0,0,blue,0
Sciencematters,484,13,478,96,144,13.54166667,0,0,0,0,0,0,0,13,0,170,1,0,0,0,0,blue,0
American Fern Society,484,13,477,103,153,12.62135922,0,0,0,0,0,0,0,13,0,170,1,0,0,0,0,blue,0
The Korean Association for the Study of the Liver,484,13,413,315,288,4.126984127,0,0,0,0,0,0,0,13,0,170,1,0,0,0,0,blue,0
Airiti Press,484,13,404,361,306,3.601108033,0,0,0,0,0,0,0,13,0,170,1,0,0,0,0,blue,0
Society for Applied Anthropology,484,13,399,373,311,3.485254692,0,0,0,0,0,0,0,13,0,170,1,0,0,0,0,blue,0
United Scientific Group,484,13,376,448,337,2.901785714,0,0,0,0,0,0,0,13,0,170,1,0,0,0,0,blue,0
The Korean Spinal Neurosurgery Society,484,13,369,477,340,2.725366876,0,0,0,0,0,0,0,13,0,170,1,0,0,0,0,blue,0
Oregon State University,484,13,366,483,343,2.691511387,0,0,0,0,0,0,0,13,0,170,1,0,0,0,0,blue,0
Leibniz Institute for Psychology (ZPID),484,13,291,1081,412,1.202590194,0,0,0,0,0,0,0,13,0,170,1,0,0,0,0,blue,0
"The Journal of Food and Drug Analysis (JFDA), Food and Drug Administration, Taiwan (TFDA)",484,13,266,1424,426,0.912921348,0,0,0,0,0,0,0,13,0,170,1,0,0,0,0,blue,0
Press of International Journal of Ophthalmology (IJO Press),484,13,252,1676,436,0.775656325,0,0,0,0,0,0,0,13,0,170,1,0,0,0,0,blue,0
New Prairie Press,484,13,243,1892,439,0.687103594,0,0,0,0,0,0,0,13,0,170,1,0,0,0,0,blue,0
Mineralogical Society,484,13,200,2962,458,0.43889264,0,0,0,0,0,0,0,13,0,170,1,0,0,0,0,blue,0
Academy of Science of South Africa,484,13,135,7790,478,0.166880616,0,0,0,0,0,0,0,13,0,170,1,0,0,0,0,blue,0
Knowledge E,484,13,90,14846,490,0.087565674,0,0,0,0,0,0,0,13,0,170,1,0,0,0,0,blue,0
