"About the data: Analytical views - Publisher - Exported on Oct 18, 2022. Criteria: My groups is US YES federal funders; Publication Year is 2017 or 2018 or 2019 or 2020 or 2021; Country of Funder is United States; Publication Type is not Preprint. Â© 2022 Digital Science &amp; Research Solutions Inc. All rights reserved. Parts of this work may also be protected by copyright of content providers and other third parties, which together with all rights of Digital Science, user agrees not to violate. Redistribution / external use of this work (or parts thereof) is prohibited without prior written approval. Please contact info@dimensions.ai for further information.   1,326,472",,,,,,,,,,,,,,,,,,,,,,
Name,Rank FF,FF Pubs,Rank WW,Worldwide,rank percentage,percentage,All OA,Bronze,Closed,Gold,Green,Hybrid,Sum,Delta,% OSTP closed,Rank % closed,ratio,% OSTP Green,% OSTP Gold,% OSTP Bronze,% OSTP Hybrid,color
Elsevier,1,268538,1,3635613,64,7.386319721,188871,66055,79667,27312,74488,21016,268538,0,29.66693727,58,0.341176471,27.73834616,10.17062762,24.59800848,7.82608048,blue
Springer Nature,2,180928,2,2987490,70,6.056187636,130336,9633,50592,63804,46542,10357,180928,0,27.96250442,63,0.370588235,25.72404492,35.26485674,5.324217368,5.724376548,blue
Wiley,3,129068,3,1336084,50,9.660171067,87654,22546,41414,12841,44009,8258,129068,0,32.08696191,54,0.317647059,34.09752998,9.949019122,17.46831128,6.398177705,blue
Institute of Electrical and Electronics Engineers (IEEE),4,88713,4,1318742,66,6.727092942,33837,765,54876,2357,19900,10815,88713,0,61.85790132,24,0.141176471,22.4318871,2.656882306,0.862331338,12.19099794,blue
American Chemical Society (ACS),5,61866,12,298773,20,20.70669036,30421,723,31445,1818,24724,3156,61866,0,50.82759512,29,0.170588235,39.96379271,2.938609252,1.168654835,5.101348075,blue
Oxford University Press (OUP),6,50493,7,587797,57,8.590210566,47124,17562,3369,8625,12670,8267,50493,0,6.67221199,114,0.670588235,25.09258709,17.08157566,34.78105876,16.37256649,blue
MDPI,7,38504,6,632448,69,6.088089456,38502,0,2,38324,140,38,38504,0,0.005194266,169,0.994117647,0.363598587,99.5325161,0,0.098691045,blue
Taylor & Francis,8,37282,5,1243814,94,2.997393501,21256,2657,16026,4098,12460,2041,37282,0,42.98589131,39,0.229411765,33.42095381,10.99189958,7.126763586,5.474491712,blue
Wolters Kluwer,9,32456,8,504760,67,6.429986528,28008,8031,4448,3516,14980,1481,32456,0,13.70470791,94,0.552941176,46.15479418,10.83312793,24.74426916,4.563100813,blue
American Physical Society (APS),10,29188,24,105303,16,27.7181087,27955,44,1233,2355,8211,17345,29188,0,4.224338769,126,0.741176471,28.13142387,8.068384268,0.150746882,59.42510621,blue
Frontiers,11,25725,14,223259,40,11.52249181,25710,0,15,25687,18,5,25725,0,0.058309038,167,0.982352941,0.069970845,99.85228377,0,0.019436346,blue
Public Library of Science (PLoS),12,22161,23,107653,21,20.58558517,22161,0,0,22161,0,0,22161,0,0,170,1,0,100,0,0,blue
SAGE Publications,13,21741,10,402011,75,5.408060973,14195,3191,7546,3302,6944,758,21741,0,34.70861506,48,0.282352941,31.93965319,15.18789384,14.67733775,3.486500161,blue
Association for Computing Machinery (ACM),14,18850,16,157655,39,11.95648727,11187,8682,7663,331,2134,40,18850,0,40.65251989,41,0.241176471,11.32095491,1.75596817,46.05835544,0.212201592,blue
Royal Society of Chemistry (RSC),15,17714,15,186787,51,9.483529368,9530,141,8184,2748,5600,1041,17714,0,46.20074517,35,0.205882353,31.61341312,15.51315344,0.79598058,5.876707689,blue
American Geophysical Union (AGU),16,16756,44,39214,8,42.72963737,12148,4972,4608,1228,3439,2509,16756,0,27.5005968,64,0.376470588,20.52399141,7.328718071,29.67295297,14.97374075,blue
AIP Publishing,17,14404,19,128197,43,11.23583235,9741,570,4663,1514,7002,655,14404,0,32.37295196,53,0.311764706,48.61149681,10.51096918,3.957234102,4.547347959,blue
American Astronomical Society,18,13980,66,24541,2,56.96589381,13216,3498,764,257,8463,998,13980,0,5.464949928,119,0.7,60.53648069,1.838340486,25.02145923,7.138769671,blue
IOP Publishing,19,13138,11,398273,90,3.29874232,9307,103,3831,2639,5626,939,13138,0,29.15968945,60,0.352941176,42.82234739,20.0867712,0.783985386,7.147206576,blue
American Society for Microbiology,20,11738,54,31805,12,36.90614683,11705,343,33,4434,6146,782,11738,0,0.281138184,159,0.935294118,52.35985688,37.77474868,2.922133242,6.662123019,blue
Proceedings of the National Academy of Sciences,21,10649,73,20344,4,52.34467165,10645,4689,4,0,3098,2858,10649,0,0.037562212,168,0.988235294,29.09193351,0,44.0323035,26.83820077,blue
Cambridge University Press (CUP),22,8536,13,230668,87,3.700556644,5766,1289,2770,978,2561,938,8536,0,32.45079663,52,0.305882353,30.00234302,11.45735708,15.10074977,10.98875351,blue
American Association for the Advancement of Science (AAAS),23,8494,49,35783,19,23.73752899,7010,75,1484,3471,3449,15,8494,0,17.47115611,87,0.511764706,40.60513304,40.86413939,0.882976219,0.176595244,blue
American Association for Cancer Research (AACR),24,6790,32,62829,44,10.80711137,6204,1330,586,10,4633,231,6790,0,8.630338733,106,0.623529412,68.23269514,0.147275405,19.58762887,3.402061856,blue
Mary Ann Liebert,25,6766,36,45734,33,14.79424498,5444,396,1322,289,4274,485,6766,0,19.53887082,83,0.488235294,63.1687851,4.271356784,5.852793379,7.168193911,blue
American Medical Association (AMA),26,6763,50,35061,24,19.28923876,6058,2635,705,1774,1457,192,6763,0,10.42436788,103,0.605882353,21.54369363,26.23096259,38.96199911,2.838976785,blue
The Optical Society,27,6271,30,76660,60,8.180276546,5486,0,785,3365,361,1760,6271,0,12.51793972,96,0.564705882,5.75665763,53.6597034,0,28.06569925,blue
American Psychological Association (APA),28,6241,48,36397,26,17.14701761,5610,4705,631,17,870,18,6241,0,10.11055921,104,0.611764706,13.94007371,0.272392245,75.38855953,0.288415318,blue
BMJ,29,6207,18,154406,82,4.019921506,5310,466,897,2679,1303,862,6207,0,14.45142581,92,0.541176471,20.9924279,43.16094732,7.50765265,13.88754632,blue
American Physiological Society,30,5592,104,12483,7,44.79692382,5269,3498,323,28,1581,162,5592,0,5.776108727,118,0.694117647,28.27253219,0.500715308,62.55364807,2.896995708,blue
Copernicus Publications,31,4670,58,29223,28,15.98056325,4670,0,0,4665,2,3,4670,0,0,170,1,0.042826552,99.89293362,0,0.064239829,blue
eLife,32,4625,127,8728,3,52.9903758,4625,0,0,4625,0,0,4625,0,0,170,1,0,100,0,0,blue
American Meteorological Society,33,4193,118,10550,10,39.74407583,3406,1847,787,35,394,1130,4193,0,18.76937753,85,0.5,9.396613403,0.834724541,44.04960649,26.94967803,blue
American Society for Clinical Investigation,34,3627,163,5228,1,69.37643458,3627,1682,0,1847,14,84,3627,0,0,170,1,0.385993934,50.92362834,46.37441412,2.315963606,blue
EDP Sciences,35,3472,21,119398,95,2.907921406,3435,2399,37,392,66,578,3472,0,1.065668203,146,0.858823529,1.900921659,11.29032258,69.09562212,16.64746544,blue
American Society of Clinical Oncology (ASCO),36,3301,38,43199,61,7.641380588,1938,558,1363,181,916,283,3301,0,41.29051802,40,0.235294118,27.74916692,5.483186913,16.90396849,8.573159649,blue
The Royal Society,37,3163,83,16010,22,19.75640225,3090,1701,73,486,251,652,3163,0,2.307935504,141,0.829411765,7.935504268,15.36515966,53.7780588,20.61334176,blue
Hindawi,38,3088,20,122851,100,2.513614053,3013,24,75,2905,71,13,3088,0,2.428756477,140,0.823529412,2.299222798,94.0738342,0.777202073,0.420984456,blue
ASME International,39,3076,34,49654,68,6.19486849,1408,763,1668,2,604,39,3076,0,54.22626788,27,0.158823529,19.63589077,0.065019506,24.80494148,1.267880364,blue
Society for Neuroscience,40,3066,153,6104,6,50.2293578,3066,2070,0,839,21,136,3066,0,0,170,1,0.684931507,27.36464449,67.5146771,4.435746902,blue
"SPIE, the international society for optics and photonics",41,3017,25,97621,92,3.090523555,2143,97,874,547,1186,313,3017,0,28.96917468,61,0.358823529,39.31057342,18.1305933,3.215114352,10.37454425,blue
American Society of Civil Engineers (ASCE),42,2805,51,34198,59,8.202234049,312,10,2493,0,226,76,2805,0,88.87700535,5,0.029411765,8.057040998,0,0.356506239,2.709447415,blue
The Company of Biologists,43,2762,119,9919,15,27.84554895,2661,309,101,475,309,1568,2762,0,3.656770456,131,0.770588235,11.18754526,17.19768284,11.18754526,56.77045619,blue
Society for Industrial & Applied Mathematics (SIAM),44,2725,125,9043,13,30.13380515,2063,73,662,84,1864,42,2725,0,24.29357798,70,0.411764706,68.40366972,3.082568807,2.678899083,1.541284404,blue
American Society of Hematology,45,2609,56,29427,53,8.866007408,2563,1587,46,760,175,41,2609,0,1.763127635,143,0.841176471,6.707550786,29.12993484,60.82790341,1.571483327,blue
JMIR Publications,46,2510,97,13626,25,18.42066637,2510,0,0,2507,3,0,2510,0,0,170,1,0.119521912,99.88047809,0,0,blue
"Impact Journals, LLC",47,2383,76,18022,37,13.22272778,2383,0,0,2382,1,0,2383,0,0,170,1,0.041963911,99.95803609,0,0,blue
American Thoracic Society,48,2345,68,23849,47,9.832697388,2203,22,142,10,1728,443,2345,0,6.0554371,116,0.682352941,73.68869936,0.426439232,0.938166311,18.891258,blue
Cold Spring Harbor Laboratory,49,2226,159,5535,9,40.21680217,2137,560,89,1033,45,499,2226,0,3.998203055,128,0.752941176,2.021563342,46.40610961,25.1572327,22.41689128,blue
The Endocrine Society,50,2177,99,13220,27,16.46747352,2113,1317,64,285,208,303,2177,0,2.939825448,137,0.805882353,9.554432706,13.0914102,60.49609554,13.9182361,blue
American Institute of Aeronautics and Astronautics (AIAA),51,2065,57,29422,65,7.018557542,1053,0,1012,0,205,848,2065,0,49.00726392,32,0.188235294,9.927360775,0,0,41.0653753,blue
Thieme,52,2050,17,155808,122,1.315721914,1349,308,701,203,712,126,2050,0,34.19512195,50,0.294117647,34.73170732,9.902439024,15.02439024,6.146341463,blue
The American Association of Immunologists,53,1903,180,3767,5,50.51765331,1856,1622,47,181,17,36,1903,0,2.469784551,139,0.817647059,0.893326327,9.511297951,85.2338413,1.891749869,blue
Rockefeller University Press,54,1870,182,0,182,0,1870,9,0,345,1,1515,1870,0,0,170,1,0.053475936,18.44919786,0.481283422,81.01604278,blue
Association for Research in Vision and Ophthalmology (ARVO),55,1848,108,11899,30,15.53071687,1846,0,2,1845,1,0,1848,0,0.108225108,166,0.976470588,0.054112554,99.83766234,0,0,blue
MyJove Corporation,56,1758,152,6154,14,28.56678583,1481,381,277,0,1090,10,1758,0,15.75654152,90,0.529411765,62.00227531,0,21.67235495,0.568828214,blue
IOS Press,57,1753,52,32792,76,5.345816053,1398,130,355,45,979,244,1753,0,20.25099829,79,0.464705882,55.84711922,2.567027952,7.415858528,13.91899601,blue
Annual Reviews,58,1721,148,6395,17,26.91164973,927,2,794,11,870,44,1721,0,46.13596746,37,0.217647059,50.55200465,0.639163277,0.116211505,2.556653109,blue
The Electrochemical Society,59,1662,42,39735,80,4.182710457,821,3,841,13,424,381,1662,0,50.60168472,30,0.176470588,25.51143201,0.782190132,0.180505415,22.92418773,blue
American Diabetes Association,60,1586,93,13959,42,11.3618454,1537,417,49,0,1081,39,1586,0,3.089533417,136,0.8,68.15889029,0,26.2925599,2.459016393,blue
De Gruyter,61,1507,9,427271,149,0.352703553,1066,115,441,430,427,94,1507,0,29.26343729,59,0.347058824,28.33443928,28.53351029,7.631055076,6.237558062,blue
Karger Publishers,62,1467,47,37671,84,3.894242255,1327,679,140,222,320,106,1467,0,9.543285617,105,0.617647059,21.81322427,15.13292434,46.28493524,7.225630539,blue
American Society of Nephrology (ASN),63,1426,181,3688,11,38.6659436,1380,1170,46,175,26,9,1426,0,3.225806452,134,0.788235294,1.823281907,12.27208976,82.04768583,0.631136045,blue
Future Science Group,64,1411,95,13721,46,10.28350703,1103,128,308,211,559,205,1411,0,21.82849043,73,0.429411765,39.6172927,14.95393338,9.071580439,14.52870305,blue
International Union of Crystallography (IUCr),65,1410,91,14501,49,9.723467347,1238,53,172,544,326,315,1410,0,12.19858156,98,0.576470588,23.12056738,38.58156028,3.758865248,22.34042553,blue
Acoustical Society of America (ASA),66,1371,85,15846,55,8.652025748,1081,253,290,0,423,405,1371,0,21.15244347,75,0.441176471,30.85339168,0,18.45368344,29.5404814,blue
American Mathematical Society (AMS),67,1290,128,8699,32,14.82929072,1235,60,55,80,167,928,1290,0,4.263565891,125,0.735294118,12.94573643,6.201550388,4.651162791,71.9379845,blue
American Academy of Pediatrics (AAP),68,1275,80,17140,63,7.43873979,1021,94,254,0,926,1,1275,0,19.92156863,80,0.470588235,72.62745098,0,7.37254902,0.078431373,blue
AME Publishing Company,69,1271,43,39503,91,3.217477154,1265,4,6,673,403,185,1271,0,0.472069237,155,0.911764706,31.70731707,52.95043273,0.314712825,14.55546814,blue
Faculty of 1000,70,1234,115,10746,41,11.48334264,1231,0,3,1228,3,0,1234,0,0.243111831,160,0.941176471,0.243111831,99.51377634,0,0,blue
Centers for Disease Control and Prevention (CDC),71,1155,182,0,182,0,1155,192,0,945,17,1,1155,0,0,170,1,1.471861472,81.81818182,16.62337662,0.086580087,blue
World Scientific Publishing,72,1152,31,68687,109,1.677173264,731,1,421,51,620,59,1152,0,36.54513889,46,0.270588235,53.81944444,4.427083333,0.086805556,5.121527778,blue
American Society for Cell Biology (ASCB),73,1124,182,0,182,0,1122,198,2,130,140,654,1124,0,0.177935943,163,0.958823529,12.45551601,11.5658363,17.61565836,58.18505338,blue
PeerJ,74,1115,117,10580,45,10.53875236,1115,0,0,1115,0,0,1115,0,0,170,1,0,100,0,0,blue
American Speech Language Hearing Association,75,1092,158,5541,23,19.707634,1051,17,41,0,946,88,1092,0,3.754578755,130,0.764705882,86.63003663,0,1.556776557,8.058608059,blue
Canadian Science Publishing,76,1071,110,11826,52,9.056316591,499,37,572,36,359,67,1071,0,53.40802988,28,0.164705882,33.5200747,3.361344538,3.454715219,6.255835668,blue
EMBO,77,1030,177,3905,18,26.37644046,1002,59,28,329,430,184,1030,0,2.718446602,138,0.811764706,41.74757282,31.94174757,5.72815534,17.86407767,blue
American Society for Pharmacology & Experimental Therapeutics (ASPET),78,973,182,0,182,0,926,804,47,0,28,94,973,0,4.830421377,121,0.711764706,2.877697842,0,82.63103803,9.660842754,blue
American Psychiatric Association Publishing,79,934,149,6332,34,14.75047378,812,571,122,19,220,2,934,0,13.0620985,95,0.558823529,23.55460385,2.034261242,61.13490364,0.214132762,blue
Massachusetts Medical Society,80,905,155,5841,31,15.49392227,797,553,108,0,244,0,905,0,11.93370166,99,0.582352941,26.96132597,0,61.10497238,0,blue
American Vacuum Society,81,857,182,0,182,0,705,10,152,90,87,518,857,0,17.73628938,86,0.505882353,10.15169195,10.50175029,1.166861144,60.44340723,blue
Bentham Science Publishers,82,838,35,46652,107,1.79627883,515,0,323,34,474,7,838,0,38.54415274,44,0.258823529,56.56324582,4.057279236,0,0.835322196,blue
American Public Health Association,83,792,182,0,182,0,724,0,68,0,724,0,792,0,8.585858586,107,0.629411765,91.41414141,0,0,0,blue
SAE International,84,752,102,12691,71,5.925458987,185,0,567,0,185,0,752,0,75.39893617,11,0.064705882,24.60106383,0,0,0,blue
American Dairy Science Association,85,737,162,5233,35,14.0836996,706,596,31,40,3,67,737,0,4.20624152,127,0.747058824,0.407055631,5.427408412,80.86838535,9.090909091,blue
Portland Press,85,737,139,7547,48,9.765469723,591,3,146,78,303,207,737,0,19.81004071,81,0.476470588,41.11261872,10.5834464,0.407055631,28.08683853,blue
Ivyspring International Publisher,87,735,126,8802,58,8.350374915,735,0,0,734,1,0,735,0,0,170,1,0.136054422,99.86394558,0,0,blue
Institute of Mathematical Statistics,88,723,164,5164,36,14.00077459,684,133,39,217,254,80,723,0,5.394190871,120,0.705882353,35.13139696,30.01383126,18.395574,11.06500692,blue
Emerald,89,707,22,107840,135,0.65560089,157,5,550,25,111,16,707,0,77.79349364,10,0.058823529,15.70014144,3.536067893,0.707213579,2.263083451,blue
Pensoft Publishers,89,707,100,12767,74,5.53771442,706,0,1,706,0,0,707,0,0.141442716,165,0.970588235,0,99.85855728,0,0,blue
Geological Society of America,91,686,64,25280,96,2.713607595,265,11,421,114,66,74,686,0,61.37026239,26,0.152941176,9.620991254,16.6180758,1.603498542,10.78717201,blue
Radiological Society of North America (RSNA),92,676,171,4300,29,15.72093023,630,305,46,28,277,20,676,0,6.804733728,113,0.664705882,40.97633136,4.142011834,45.1183432,2.958579882,blue
Scientific Societies,93,662,137,7695,56,8.602988954,591,1,71,106,3,481,662,0,10.72507553,102,0.6,0.453172205,16.01208459,0.151057402,72.65861027,blue
Institution of Engineering and Technology (IET),94,613,37,43541,119,1.407868446,454,249,159,158,27,20,613,0,25.93800979,65,0.382352941,4.4045677,25.77487765,40.61990212,3.262642741,blue
MIT Press,95,607,81,16127,86,3.763874248,481,36,126,201,234,10,607,0,20.75782537,77,0.452941176,38.55024712,33.11367381,5.930807249,1.647446458,blue
American Society of Tropical Medicine and Hygiene,96,602,182,0,182,0,580,120,22,0,389,71,602,0,3.65448505,132,0.776470588,64.6179402,0,19.93355482,11.79401993,blue
Centers for Disease Control MMWR Office,97,574,182,0,182,0,573,170,1,391,12,0,574,0,0.174216028,164,0.964705882,2.090592334,68.1184669,29.61672474,0,blue
American College of Physicians,98,533,169,4365,38,12.21076747,372,0,161,0,372,0,533,0,30.20637899,56,0.329411765,69.79362101,0,0,0,blue
Bioscientifica,99,521,72,20476,99,2.544442274,510,362,11,45,71,32,521,0,2.111324376,142,0.835294118,13.62763916,8.637236084,69.48176583,6.142034549,blue
Ferrata Storti Foundation (Haematologica),100,520,182,0,182,0,520,0,0,518,2,0,520,0,0,170,1,0.384615385,99.61538462,0,0,blue
"Bio-Protocol, LLC",101,519,182,0,182,0,502,124,17,0,284,94,519,0,3.275529865,133,0.782352941,54.72061657,0,23.89210019,18.11175337,blue
Microbiology Society,102,491,130,8555,72,5.739333723,469,215,22,116,68,70,491,0,4.480651731,123,0.723529412,13.84928717,23.62525458,43.78818737,14.25661914,blue
CSIRO Publishing,103,471,112,11409,81,4.128319748,179,9,292,20,79,71,471,0,61.99575372,23,0.135294118,16.77282378,4.246284501,1.910828025,15.07430998,blue
Seismological Society of America (SSA),104,467,182,0,182,0,146,0,321,0,143,3,467,0,68.7366167,16,0.094117647,30.62098501,0,0,0.642398287,blue
European Respiratory Society (ERS),105,464,61,26212,108,1.770181596,432,209,32,123,32,68,464,0,6.896551724,112,0.658823529,6.896551724,26.50862069,45.04310345,14.65517241,blue
Environmental Health Perspectives,106,456,154,6059,62,7.525994389,455,0,1,455,0,0,456,0,0.219298246,162,0.952941176,0,99.78070175,0,0,blue
Association for Computational Linguistics (ACL),107,449,79,17547,98,2.558841967,435,0,14,0,26,409,449,0,3.118040089,135,0.794117647,5.79064588,0,0,91.09131403,blue
Health Affairs,108,432,182,0,182,0,302,47,130,0,232,23,432,0,30.09259259,57,0.335294118,53.7037037,0,10.87962963,5.324074074,blue
Johns Hopkins University Press,109,427,28,91185,144,0.468278774,278,55,149,5,217,1,427,0,34.89461358,47,0.276470588,50.81967213,1.170960187,12.88056206,0.234192037,blue
University of Chicago Press,110,425,62,25649,110,1.656984678,257,33,168,0,191,33,425,0,39.52941176,43,0.252941176,44.94117647,0,7.764705882,7.764705882,blue
American Institute of Mathematical Sciences (AIMS),111,422,96,13666,93,3.08795551,421,11,1,382,2,26,422,0,0.236966825,161,0.947058824,0.473933649,90.52132701,2.606635071,6.161137441,blue
American Society of Neuroradiology (ASNR),112,410,182,0,182,0,407,0,3,0,3,404,410,0,0.731707317,149,0.876470588,0.731707317,0,0,98.53658537,blue
Society of Nuclear Medicine,113,395,182,0,182,0,395,369,0,0,4,22,395,0,0,170,1,1.012658228,0,93.41772152,5.569620253,blue
Ubiquity Press,114,379,129,8650,79,4.38150289,377,0,2,336,18,23,379,0,0.527704485,152,0.894117647,4.749340369,88.65435356,0,6.068601583,blue
American Association of Physics Teachers (AAPT),115,337,182,0,182,0,250,37,87,0,75,138,337,0,25.81602374,66,0.388235294,22.25519288,0,10.97922849,40.9495549,blue
American Society of Agricultural and Biological Engineers (ASABE),116,331,179,3769,54,8.782170337,107,52,224,0,55,0,331,0,67.67371601,18,0.105882353,16.6163142,0,15.70996979,0,blue
Duke University Press,117,328,71,21469,117,1.527784247,305,145,23,53,82,25,328,0,7.012195122,111,0.652941176,25,16.15853659,44.20731707,7.62195122,blue
American Society for Engineering Education,118,327,131,8204,83,3.985860556,291,208,36,0,83,0,327,0,11.00917431,101,0.594117647,25.382263,0,63.60856269,0,blue
Mathematical Sciences Publishers,119,319,182,0,182,0,300,10,19,37,253,0,319,0,5.956112853,117,0.688235294,79.31034483,11.59874608,3.134796238,0,blue
Journal of Neurosurgery Publishing Group (JNSPG),120,312,151,6280,77,4.968152866,261,144,51,49,68,0,312,0,16.34615385,89,0.523529412,21.79487179,15.70512821,46.15384615,0,blue
Cureus,121,307,74,19921,116,1.541087295,307,0,0,306,1,0,307,0,0,170,1,0.325732899,99.6742671,0,0,blue
Radiation Research Society,122,296,182,0,182,0,223,72,73,0,151,0,296,0,24.66216216,69,0.405882353,51.01351351,0,24.32432432,0,blue
FapUNIFESP (SciELO),123,294,27,93030,150,0.316027088,293,0,1,290,3,0,294,0,0.340136054,158,0.929411765,1.020408163,98.63945578,0,0,blue
OMICS International,124,293,59,27096,128,1.081340419,288,36,5,29,83,140,293,0,1.706484642,144,0.847058824,28.32764505,9.897610922,12.28668942,47.78156997,blue
Humboldt Field Research Institute,125,292,182,0,182,0,20,0,272,0,20,0,292,0,93.15068493,2,0.011764706,6.849315068,0,0,0,blue
Spandidos Publications,126,290,55,29952,130,0.968215812,290,82,0,127,2,79,290,0,0,170,1,0.689655172,43.79310345,28.27586207,27.24137931,blue
Alcohol Research Documentation,127,278,182,0,182,0,265,0,13,0,261,4,278,0,4.676258993,122,0.717647059,93.88489209,0,0,1.438848921,blue
Sissa Medialab Srl,128,275,101,12743,104,2.158047556,274,0,1,10,2,262,275,0,0.363636364,157,0.923529412,0.727272727,3.636363636,0,95.27272727,blue
International Press of Boston,129,273,182,0,182,0,230,8,43,13,209,0,273,0,15.75091575,91,0.535294118,76.55677656,4.761904762,2.93040293,0,blue
Human Kinetics,130,268,140,7411,89,3.616246121,191,16,77,0,172,3,268,0,28.73134328,62,0.364705882,64.17910448,0,5.970149254,1.119402985,blue
Mineralogical Society of America,131,267,182,0,182,0,74,9,193,0,51,14,267,0,72.28464419,14,0.082352941,19.1011236,0,3.370786517,5.243445693,blue
International Union Against Tuberculosis and Lung Disease,132,261,182,0,182,0,207,0,54,0,192,15,261,0,20.68965517,78,0.458823529,73.56321839,0,0,5.747126437,blue
SLACK,132,261,142,7116,88,3.667790894,171,1,90,19,148,3,261,0,34.48275862,49,0.288235294,56.70498084,7.279693487,0.383141762,1.149425287,blue
University of California Press,134,256,53,31828,134,0.804323237,192,9,64,170,13,0,256,0,25,68,0.4,5.078125,66.40625,3.515625,0,blue
European Mathematical Society - EMS - Publishing House GmbH,135,255,168,4452,73,5.727762803,234,48,21,26,159,1,255,0,8.235294118,108,0.635294118,62.35294118,10.19607843,18.82352941,0.392156863,blue
Ethnicity and Disease Inc,136,252,182,0,182,0,252,249,0,0,3,0,252,0,0,170,1,1.19047619,0,98.80952381,0,blue
The Journal of Rheumatology,137,240,182,0,182,0,207,107,33,0,100,0,240,0,13.75,93,0.547058824,41.66666667,0,44.58333333,0,blue
American Academy of Sleep Medicine (AASM),138,234,182,0,182,0,219,6,15,0,213,0,234,0,6.41025641,115,0.676470588,91.02564103,0,2.564102564,0,blue
Stichting SciPost,139,233,182,0,182,0,232,0,1,232,0,0,233,0,0.429184549,156,0.917647059,0,99.57081545,0,0,blue
American Educational Research Association (AERA),140,226,92,14469,115,1.561960053,73,43,153,0,22,8,226,0,67.69911504,17,0.1,9.734513274,0,19.02654867,3.539823009,blue
OAE Publishing Inc.,141,217,182,0,182,0,217,0,0,217,0,0,217,0,0,170,1,0,100,0,0,blue
Institute for Operations Research and the Management Sciences (INFORMS),142,213,157,5548,85,3.839221341,110,4,103,19,87,0,213,0,48.35680751,33,0.194117647,40.84507042,8.920187793,1.877934272,0,blue
International Association for Food Protection,142,213,182,0,182,0,31,10,182,0,13,8,213,0,85.44600939,6,0.035294118,6.103286385,0,4.694835681,3.755868545,blue
American Board of Family Medicine (ABFM),144,210,182,0,182,0,209,74,1,135,0,0,210,0,0.476190476,154,0.905882353,0,64.28571429,35.23809524,0,blue
American Roentgen Ray Society,145,209,182,0,182,0,145,0,64,0,145,0,209,0,30.62200957,55,0.323529412,69.37799043,0,0,0,blue
"Physicians Postgraduate Press, Inc",146,205,182,0,182,0,130,22,75,0,108,0,205,0,36.58536585,45,0.264705882,52.68292683,0,10.73170732,0,blue
International Joint Conferences on Artificial Intelligence,147,204,172,4286,78,4.759682688,203,200,1,0,3,0,204,0,0.490196078,153,0.9,1.470588235,0,98.03921569,0,blue
Magnolia Press,148,203,78,17609,125,1.152819581,43,28,160,1,14,0,203,0,78.81773399,8,0.047058824,6.896551724,0.492610837,13.79310345,0,blue
Pleiades Publishing,149,202,26,97177,161,0.207868117,74,4,128,2,64,4,202,0,63.36633663,21,0.123529412,31.68316832,0.99009901,1.98019802,1.98019802,blue
IWA Publishing,150,201,122,9568,106,2.100752508,185,88,16,58,7,32,201,0,7.960199005,110,0.647058824,3.482587065,28.85572139,43.78109453,15.92039801,blue
Baishideng Publishing Group,151,194,105,12262,112,1.582123634,194,0,0,141,2,51,194,0,0,170,1,1.030927835,72.68041237,0,26.28865979,blue
"Life Science Alliance, LLC",151,194,182,0,182,0,194,0,0,192,2,0,194,0,0,170,1,1.030927835,98.96907216,0,0,blue
Association for the Advancement of Artificial Intelligence (AAAI),153,189,135,7745,102,2.440284054,189,69,0,120,0,0,189,0,0,170,1,0,63.49206349,36.50793651,0,blue
Scientific Research Publishing,153,189,41,39856,143,0.474207146,189,0,0,182,1,6,189,0,0,170,1,0.529100529,96.2962963,0,3.174603175,blue
VLDB Endowment,155,188,182,0,182,0,69,0,119,0,69,0,188,0,63.29787234,22,0.129411765,36.70212766,0,0,0,blue
Guilford Publications,156,184,182,0,182,0,148,14,36,0,134,0,184,0,19.56521739,82,0.482352941,72.82608696,0,7.608695652,0,blue
"Harborside Press, LLC",157,181,182,0,182,0,174,152,7,0,21,1,181,0,3.867403315,129,0.758823529,11.60220994,0,83.97790055,0.552486188,blue
Begell House,158,174,116,10609,111,1.640116882,105,15,69,0,90,0,174,0,39.65517241,42,0.247058824,51.72413793,0,8.620689655,0,blue
Wilson Ornithological Society,158,174,182,0,182,0,16,4,158,0,12,0,174,0,90.8045977,4,0.023529412,6.896551724,0,2.298850575,0,blue
The Econometric Society,160,172,182,0,182,0,158,59,14,76,23,0,172,0,8.139534884,109,0.641176471,13.37209302,44.18604651,34.30232558,0,blue
Anticancer Research USA Inc.,161,169,150,6329,97,2.670248064,168,102,1,58,4,4,169,0,0.591715976,151,0.888235294,2.366863905,34.31952663,60.35502959,2.366863905,blue
American Association for Laboratory Animal Science,162,164,182,0,182,0,163,0,1,0,163,0,164,0,0.609756098,150,0.882352941,99.3902439,0,0,0,blue
The Open Journal,163,156,182,0,182,0,156,0,0,155,1,0,156,0,0,170,1,0.641025641,99.35897436,0,0,blue
University of Illinois Libraries,164,155,182,0,182,0,153,1,2,150,2,0,155,0,1.290322581,145,0.852941176,1.290322581,96.77419355,0.64516129,0,blue
Inter-Research Science Center,165,154,182,0,182,0,82,44,72,7,18,13,154,0,46.75324675,34,0.2,11.68831169,4.545454545,28.57142857,8.441558442,blue
"Johns Hopkins School Bloomberg School of Public Health, Center for Communication Programs",166,152,182,0,182,0,152,0,0,150,2,0,152,0,0,170,1,1.315789474,98.68421053,0,0,blue
Society of Exploration Geophysicists,167,146,106,12014,124,1.215248876,42,1,104,0,32,9,146,0,71.23287671,15,0.088235294,21.91780822,0,0.684931507,6.164383562,blue
Wildlife Disease Association,168,145,182,0,182,0,49,22,96,0,27,0,145,0,66.20689655,19,0.111764706,18.62068966,0,15.17241379,0,blue
Oncology Nursing Society (ONS),169,143,182,0,182,0,113,0,30,0,113,0,143,0,20.97902098,76,0.447058824,79.02097902,0,0,0,blue
Resilience Alliance,170,137,182,0,182,0,106,8,31,91,5,2,137,0,22.62773723,72,0.423529412,3.649635036,66.42335766,5.839416058,1.459854015,blue
Society of Rheology,171,136,182,0,182,0,107,1,29,0,18,88,136,0,21.32352941,74,0.435294118,13.23529412,0,0.735294118,64.70588235,blue
Western North American Naturalist,172,135,182,0,182,0,73,0,62,1,72,0,135,0,45.92592593,38,0.223529412,53.33333333,0.740740741,0,0,blue
Beilstein Institut,173,133,182,0,182,0,133,0,0,133,0,0,133,0,0,170,1,0,100,0,0,blue
American Economic Association,174,130,182,0,182,0,114,29,16,7,78,0,130,0,12.30769231,97,0.570588235,60,5.384615385,22.30769231,0,blue
Science and Education Publishing,175,129,182,0,182,0,129,0,0,128,0,1,129,0,0,170,1,0,99.2248062,0,0.775193798,blue
Geological Society of London,176,126,182,0,182,0,43,0,83,0,22,21,126,0,65.87301587,20,0.117647059,17.46031746,0,0,16.66666667,blue
Brill Academic Publishers,177,125,33,58516,159,0.213616789,34,5,91,2,23,4,125,0,72.8,12,0.070588235,18.4,1.6,4,3.2,blue
American Society of Ichthyologists and Herpetologists (ASIH),178,122,182,0,182,0,47,28,75,0,7,12,122,0,61.47540984,25,0.147058824,5.737704918,0,22.95081967,9.836065574,blue
Tobacco Regulatory Science Group,179,120,182,0,182,0,119,0,1,0,102,17,120,0,0.833333333,148,0.870588235,85,0,0,14.16666667,blue
American Society of Parasitologists,180,115,182,0,182,0,25,10,90,0,13,2,115,0,78.26086957,9,0.052941176,11.30434783,0,8.695652174,1.739130435,blue
Scientific Archives LLC,180,115,182,0,182,0,115,1,0,0,2,112,115,0,0,170,1,1.739130435,0,0.869565217,97.39130435,blue
Entomological Society of Washington,182,114,182,0,182,0,3,0,111,0,3,0,114,0,97.36842105,1,0.005882353,2.631578947,0,0,0,blue
Annals of Family Medicine,183,113,182,0,182,0,113,0,0,113,0,0,113,0,0,170,1,0,100,0,0,blue
British Institute of Radiology,183,113,182,0,182,0,108,0,5,10,87,11,113,0,4.424778761,124,0.729411765,76.99115044,8.849557522,0,9.734513274,blue
American Registry of Professional Animal Scientists,185,111,182,0,182,0,92,78,19,0,0,14,111,0,17.11711712,88,0.517647059,0,0,70.27027027,12.61261261,blue
Society for Sedimentary Geology,185,111,182,0,182,0,21,0,90,2,18,1,111,0,81.08108108,7,0.041176471,16.21621622,1.801801802,0,0.900900901,blue
Open Access Text,187,110,143,7004,113,1.570531125,110,0,0,110,0,0,110,0,0,170,1,0,100,0,0,blue
Joule,188,109,169,4365,101,2.497136312,109,0,0,87,22,0,109,0,0,170,1,20.18348624,79.81651376,0,0,blue
AACN Publishing,189,107,182,0,182,0,80,25,27,0,55,0,107,0,25.23364486,67,0.394117647,51.40186916,0,23.36448598,0,blue
AOSIS,189,107,120,9708,126,1.102183766,107,0,0,101,6,0,107,0,0,170,1,5.607476636,94.39252336,0,0,blue
SERDI,191,106,182,0,182,0,94,22,12,0,46,26,106,0,11.32075472,100,0.588235294,43.39622642,0,20.75471698,24.52830189,blue
PNG Publications,192,105,182,0,182,0,85,0,20,0,78,7,105,0,19.04761905,84,0.494117647,74.28571429,0,0,6.666666667,blue
Statistica Sinica (Institute of Statistical Science),193,104,182,0,182,0,80,4,24,0,76,0,104,0,23.07692308,71,0.417647059,73.07692308,0,3.846153846,0,blue
International Global Health Society,194,97,182,0,182,0,96,0,1,93,3,0,97,0,1.030927835,147,0.864705882,3.092783505,95.87628866,0,0,blue
Coastal Education and Research Foundation,195,96,174,4103,103,2.339751401,8,2,88,0,6,0,96,0,91.66666667,3,0.017647059,6.25,0,2.083333333,0,blue
Western Journal of Emergency Medicine,196,94,182,0,182,0,94,0,0,94,0,0,94,0,0,170,1,0,100,0,0,blue
Springer Publishing Company,197,92,113,10932,132,0.841566045,61,1,31,0,60,0,92,0,33.69565217,51,0.3,65.2173913,0,1.086956522,0,blue
Global Science Press,198,91,182,0,182,0,49,6,42,15,28,0,91,0,46.15384615,36,0.211764706,30.76923077,16.48351648,6.593406593,0,blue
Institute of Navigation,198,91,182,0,182,0,25,2,66,0,8,15,91,0,72.52747253,13,0.076470588,8.791208791,0,2.197802198,16.48351648,blue
International Speech Communication Association,198,91,156,5817,114,1.564380265,45,0,46,0,45,0,91,0,50.54945055,31,0.182352941,49.45054945,0,0,0,blue
Waterbird Society,201,89,182,0,182,0,0,0,0,0,0,0,0,89,0,170,1,0,0,0,0,blue
Royal College of Psychiatrists,202,88,146,6552,121,1.343101343,0,0,0,0,0,0,0,88,0,170,1,0,0,0,0,blue
Society for the Study of Amphibians and Reptiles,202,88,182,0,182,0,0,0,0,0,0,0,0,88,0,170,1,0,0,0,0,blue
Florida Entomological Society,204,87,182,0,182,0,0,0,0,0,0,0,0,87,0,170,1,0,0,0,0,blue
E.U. European Publishing,205,85,182,0,182,0,0,0,0,0,0,0,0,85,0,170,1,0,0,0,0,blue
Qingres,205,85,182,0,182,0,0,0,0,0,0,0,0,85,0,170,1,0,0,0,0,blue
"Computers, Materials and Continua (Tech Science Press)",207,84,132,7868,129,1.067615658,0,0,0,0,0,0,0,84,0,170,1,0,0,0,0,blue
IMR Press,207,84,182,0,182,0,0,0,0,0,0,0,0,84,0,170,1,0,0,0,0,blue
Physical Society of Japan,209,81,178,3782,105,2.141723956,0,0,0,0,0,0,0,81,0,170,1,0,0,0,0,blue
Shared Science Publishers OG,210,80,182,0,182,0,0,0,0,0,0,0,0,80,0,170,1,0,0,0,0,blue
American Association on Intellectual and Developmental Disabilities (AAIDD),211,78,182,0,182,0,0,0,0,0,0,0,0,78,0,170,1,0,0,0,0,blue
Coleopterists Society,211,78,182,0,182,0,0,0,0,0,0,0,0,78,0,170,1,0,0,0,0,blue
Internet Society,211,78,182,0,182,0,0,0,0,0,0,0,0,78,0,170,1,0,0,0,0,blue
American Bryological and Lichenological Society,214,77,182,0,182,0,0,0,0,0,0,0,0,77,0,170,1,0,0,0,0,blue
American Society of Plant Taxonomists,214,77,182,0,182,0,0,0,0,0,0,0,0,77,0,170,1,0,0,0,0,blue
The Raptor Research Foundation,214,77,182,0,182,0,0,0,0,0,0,0,0,77,0,170,1,0,0,0,0,blue
University of Notre Dame,214,77,182,0,182,0,0,0,0,0,0,0,0,77,0,170,1,0,0,0,0,blue
The Oceanography Society,218,76,182,0,182,0,0,0,0,0,0,0,0,76,0,170,1,0,0,0,0,blue
Herpetologists League,219,75,182,0,182,0,0,0,0,0,0,0,0,75,0,170,1,0,0,0,0,blue
National Shellfisheries Association,219,75,182,0,182,0,0,0,0,0,0,0,0,75,0,170,1,0,0,0,0,blue
Pan African Medical Journal,219,75,161,5423,120,1.38299834,0,0,0,0,0,0,0,75,0,170,1,0,0,0,0,blue
Xia & He Publishing,219,75,182,0,182,0,0,0,0,0,0,0,0,75,0,170,1,0,0,0,0,blue
Cellule MathDoc/CEDRAM,223,74,182,0,182,0,0,0,0,0,0,0,0,74,0,170,1,0,0,0,0,blue
Computing in Cardiology,223,74,182,0,182,0,0,0,0,0,0,0,0,74,0,170,1,0,0,0,0,blue
ICE publishing,223,74,134,7761,131,0.953485376,0,0,0,0,0,0,0,74,0,170,1,0,0,0,0,blue
Journal of Athletic Training/NATA,223,74,182,0,182,0,0,0,0,0,0,0,0,74,0,170,1,0,0,0,0,blue
Southern Medical Association,223,74,182,0,182,0,0,0,0,0,0,0,0,74,0,170,1,0,0,0,0,blue
Verein zur Forderung des Open Access Publizierens in den Quantenwissenschaften,228,73,182,0,182,0,0,0,0,0,0,0,0,73,0,170,1,0,0,0,0,blue
African Journals Online (AJOL),229,72,77,17659,146,0.407724107,0,0,0,0,0,0,0,72,0,170,1,0,0,0,0,blue
"University Library System, University of Pittsburgh",230,70,167,4642,118,1.507970702,0,0,0,0,0,0,0,70,0,170,1,0,0,0,0,blue
Aging and Disease,231,68,182,0,182,0,0,0,0,0,0,0,0,68,0,170,1,0,0,0,0,blue
Guttmacher Institute,231,68,182,0,182,0,0,0,0,0,0,0,0,68,0,170,1,0,0,0,0,blue
Natural Areas Journal,231,68,182,0,182,0,0,0,0,0,0,0,0,68,0,170,1,0,0,0,0,blue
AOTA Press,234,67,182,0,182,0,0,0,0,0,0,0,0,67,0,170,1,0,0,0,0,blue
American Association of Zoo Veterinarians,235,66,182,0,182,0,0,0,0,0,0,0,0,66,0,170,1,0,0,0,0,blue
GeoScienceWorld,236,65,182,0,182,0,0,0,0,0,0,0,0,65,0,170,1,0,0,0,0,blue
Archives of Pathology and Laboratory Medicine,237,64,182,0,182,0,0,0,0,0,0,0,0,64,0,170,1,0,0,0,0,blue
American Association of Avian Pathologists (AAAP),238,62,182,0,182,0,0,0,0,0,0,0,0,62,0,170,1,0,0,0,0,blue
Max Planck Institute for Demographic Research,238,62,182,0,182,0,0,0,0,0,0,0,0,62,0,170,1,0,0,0,0,blue
ASTM International,240,61,182,0,182,0,0,0,0,0,0,0,0,61,0,170,1,0,0,0,0,blue
American Museum of Natural History (BioOne sponsored),240,61,182,0,182,0,0,0,0,0,0,0,0,61,0,170,1,0,0,0,0,blue
Sciaccess Publishers LLC,240,61,182,0,182,0,0,0,0,0,0,0,0,61,0,170,1,0,0,0,0,blue
Robotics: Science and Systems Foundation,243,59,182,0,182,0,0,0,0,0,0,0,0,59,0,170,1,0,0,0,0,blue
Vanderbilt University Library,243,59,182,0,182,0,0,0,0,0,0,0,0,59,0,170,1,0,0,0,0,blue
Case Western Reserve University,245,57,182,0,182,0,0,0,0,0,0,0,0,57,0,170,1,0,0,0,0,blue
Daedalus Enterprises,245,57,182,0,182,0,0,0,0,0,0,0,0,57,0,170,1,0,0,0,0,blue
WHO Press,245,57,182,0,182,0,0,0,0,0,0,0,0,57,0,170,1,0,0,0,0,blue
Antiquity Publications,248,56,182,0,182,0,0,0,0,0,0,0,0,56,0,170,1,0,0,0,0,blue
Georgia Entomological Society,248,56,182,0,182,0,0,0,0,0,0,0,0,56,0,170,1,0,0,0,0,blue
Northwest Scientific Association,250,55,182,0,182,0,0,0,0,0,0,0,0,55,0,170,1,0,0,0,0,blue
Lepidopterists' Society,251,54,182,0,182,0,0,0,0,0,0,0,0,54,0,170,1,0,0,0,0,blue
American Scientific Publishers,252,53,63,25431,160,0.208407062,0,0,0,0,0,0,0,53,0,170,1,0,0,0,0,blue
International Ocean Discovery Program (IODP),252,53,182,0,182,0,0,0,0,0,0,0,0,53,0,170,1,0,0,0,0,blue
National Inquiry Services Center (NISC),252,53,182,0,182,0,0,0,0,0,0,0,0,53,0,170,1,0,0,0,0,blue
European Centre for Disease Control and Prevention (ECDC),255,52,182,0,182,0,0,0,0,0,0,0,0,52,0,170,1,0,0,0,0,blue
International Journal of Particle Therapy,255,52,182,0,182,0,0,0,0,0,0,0,0,52,0,170,1,0,0,0,0,blue
Engineering Sciences Press,257,51,182,0,182,0,0,0,0,0,0,0,0,51,0,170,1,0,0,0,0,blue
HICSS Conference Office,257,51,173,4120,123,1.237864078,0,0,0,0,0,0,0,51,0,170,1,0,0,0,0,blue
Inderscience Publishers,257,51,29,79496,177,0.064154171,0,0,0,0,0,0,0,51,0,170,1,0,0,0,0,blue
Academy of Managed Care Pharmacy,260,50,182,0,182,0,0,0,0,0,0,0,0,50,0,170,1,0,0,0,0,blue
Bernoulli Society for Mathematical Statistics and Probability,260,50,182,0,182,0,0,0,0,0,0,0,0,50,0,170,1,0,0,0,0,blue
Cell Physiol Biochem Press GmbH and Co KG,260,50,182,0,182,0,0,0,0,0,0,0,0,50,0,170,1,0,0,0,0,blue
American Veterinary Medical Association (AVMA),263,49,182,0,182,0,0,0,0,0,0,0,0,49,0,170,1,0,0,0,0,blue
Edizioni Minerva Medica,263,49,98,13410,147,0.365398956,0,0,0,0,0,0,0,49,0,170,1,0,0,0,0,blue
Hogrefe Publishing Group,263,49,124,9225,141,0.531165312,0,0,0,0,0,0,0,49,0,170,1,0,0,0,0,blue
IMAPS - International Microelectronics Assembly and Packaging Society,263,49,182,0,182,0,0,0,0,0,0,0,0,49,0,170,1,0,0,0,0,blue
"Managed Care and Healthcare Communications, LLC",263,49,182,0,182,0,0,0,0,0,0,0,0,49,0,170,1,0,0,0,0,blue
COPD Foundation,268,48,182,0,182,0,0,0,0,0,0,0,0,48,0,170,1,0,0,0,0,blue
International Scientific Information,268,48,141,7352,136,0.652883569,0,0,0,0,0,0,0,48,0,170,1,0,0,0,0,blue
American Entomological Society,270,47,182,0,182,0,0,0,0,0,0,0,0,47,0,170,1,0,0,0,0,blue
Society for Imaging Science & Technology,270,47,182,0,182,0,0,0,0,0,0,0,0,47,0,170,1,0,0,0,0,blue
Frontline Medical Communications,272,46,182,0,182,0,0,0,0,0,0,0,0,46,0,170,1,0,0,0,0,blue
Now Publishers,272,46,182,0,182,0,0,0,0,0,0,0,0,46,0,170,1,0,0,0,0,blue
University of Toronto Press,272,46,82,16029,154,0.286979849,0,0,0,0,0,0,0,46,0,170,1,0,0,0,0,blue
"Elmer Press, Inc.",275,45,182,0,182,0,0,0,0,0,0,0,0,45,0,170,1,0,0,0,0,blue
John Benjamins Publishing Company,275,45,89,15143,152,0.297167008,0,0,0,0,0,0,0,45,0,170,1,0,0,0,0,blue
Society for Vector Ecology,275,45,182,0,182,0,0,0,0,0,0,0,0,45,0,170,1,0,0,0,0,blue
Society of Southwestern Entomologists,275,45,182,0,182,0,0,0,0,0,0,0,0,45,0,170,1,0,0,0,0,blue
Weston Medical Publishing,275,45,182,0,182,0,0,0,0,0,0,0,0,45,0,170,1,0,0,0,0,blue
Fortune Journals,280,44,182,0,182,0,0,0,0,0,0,0,0,44,0,170,1,0,0,0,0,blue
Maad Rayan Publishing Company,280,44,133,7848,140,0.560652396,0,0,0,0,0,0,0,44,0,170,1,0,0,0,0,blue
Scientific Scholar,280,44,138,7681,139,0.572842078,0,0,0,0,0,0,0,44,0,170,1,0,0,0,0,blue
Steklov Mathematical Institute,280,44,176,4013,127,1.096436581,0,0,0,0,0,0,0,44,0,170,1,0,0,0,0,blue
European Cells and Materials,284,43,182,0,182,0,0,0,0,0,0,0,0,43,0,170,1,0,0,0,0,blue
Jagiellonian University,284,43,182,0,182,0,0,0,0,0,0,0,0,43,0,170,1,0,0,0,0,blue
PAGEPress Publications,284,43,144,6897,137,0.623459475,0,0,0,0,0,0,0,43,0,170,1,0,0,0,0,blue
Association of American Medical Colleges,287,42,182,0,182,0,0,0,0,0,0,0,0,42,0,170,1,0,0,0,0,blue
"Institute of Mathematics, Polish Academy of Sciences",287,42,182,0,182,0,0,0,0,0,0,0,0,42,0,170,1,0,0,0,0,blue
North Carolina Institute of Medicine,287,42,182,0,182,0,0,0,0,0,0,0,0,42,0,170,1,0,0,0,0,blue
Northwestern Naturalist,287,42,182,0,182,0,0,0,0,0,0,0,0,42,0,170,1,0,0,0,0,blue
South African Medical Association NPC,287,42,182,0,182,0,0,0,0,0,0,0,0,42,0,170,1,0,0,0,0,blue
U.S. Fish and Wildlife Service,292,41,182,0,182,0,0,0,0,0,0,0,0,41,0,170,1,0,0,0,0,blue
Akademiai Kiado Zrt.,293,40,121,9688,145,0.412881916,0,0,0,0,0,0,0,40,0,170,1,0,0,0,0,blue
Chelonian Conservation and Biology Journal,293,40,182,0,182,0,0,0,0,0,0,0,0,40,0,170,1,0,0,0,0,blue
"MedCrave Group, LLC",293,40,87,15380,157,0.260078023,0,0,0,0,0,0,0,40,0,170,1,0,0,0,0,blue
Society of Petroleum Engineers (SPE),293,40,60,26333,165,0.151900657,0,0,0,0,0,0,0,40,0,170,1,0,0,0,0,blue
The American Mosquito Control Association,293,40,182,0,182,0,0,0,0,0,0,0,0,40,0,170,1,0,0,0,0,blue
The Permanente Press,293,40,182,0,182,0,0,0,0,0,0,0,0,40,0,170,1,0,0,0,0,blue
American Association of Petroleum Geologists AAPG/Datapages,299,39,182,0,182,0,0,0,0,0,0,0,0,39,0,170,1,0,0,0,0,blue
Journal of Biological Methods,299,39,182,0,182,0,0,0,0,0,0,0,0,39,0,170,1,0,0,0,0,blue
California Botanical Society,301,38,182,0,182,0,0,0,0,0,0,0,0,38,0,170,1,0,0,0,0,blue
Soil and Water Conservation Society,301,38,182,0,182,0,0,0,0,0,0,0,0,38,0,170,1,0,0,0,0,blue
Journal of Orthopaedic & Sports Physical Therapy (JOSPT),303,37,182,0,182,0,0,0,0,0,0,0,0,37,0,170,1,0,0,0,0,blue
Laser Institute of America,303,37,182,0,182,0,0,0,0,0,0,0,0,37,0,170,1,0,0,0,0,blue
Annals of Mathematics,305,36,182,0,182,0,0,0,0,0,0,0,0,36,0,170,1,0,0,0,0,blue
Association of Biomolecular Resource Facilities,305,36,182,0,182,0,0,0,0,0,0,0,0,36,0,170,1,0,0,0,0,blue
IGI Global,305,36,46,38497,172,0.09351378,0,0,0,0,0,0,0,36,0,170,1,0,0,0,0,blue
Pacific Science,305,36,182,0,182,0,0,0,0,0,0,0,0,36,0,170,1,0,0,0,0,blue
Paris Scholar Publishing,305,36,182,0,182,0,0,0,0,0,0,0,0,36,0,170,1,0,0,0,0,blue
River Publishers,305,36,182,0,182,0,0,0,0,0,0,0,0,36,0,170,1,0,0,0,0,blue
Mark Allen Group,311,35,39,41178,176,0.084996843,0,0,0,0,0,0,0,35,0,170,1,0,0,0,0,blue
National Institute on Alcohol Abuse and Alcoholism,311,35,182,0,182,0,0,0,0,0,0,0,0,35,0,170,1,0,0,0,0,blue
Scitechnol Biosoft,311,35,182,0,182,0,0,0,0,0,0,0,0,35,0,170,1,0,0,0,0,blue
Castanea,314,34,182,0,182,0,0,0,0,0,0,0,0,34,0,170,1,0,0,0,0,blue
Centers for American Indian and Alaska Native Health,314,34,182,0,182,0,0,0,0,0,0,0,0,34,0,170,1,0,0,0,0,blue
LIDSEN Publishing Inc,314,34,182,0,182,0,0,0,0,0,0,0,0,34,0,170,1,0,0,0,0,blue
Sciedu Press,314,34,160,5491,138,0.619195046,0,0,0,0,0,0,0,34,0,170,1,0,0,0,0,blue
Termedia Sp. z.o.o.,314,34,109,11831,153,0.28738061,0,0,0,0,0,0,0,34,0,170,1,0,0,0,0,blue
ClinMed International Library,319,33,175,4065,133,0.811808118,0,0,0,0,0,0,0,33,0,170,1,0,0,0,0,blue
EDITORA SCIENTIFIC,319,33,182,0,182,0,0,0,0,0,0,0,0,33,0,170,1,0,0,0,0,blue
Journal of Graduate Medical Education,319,33,182,0,182,0,0,0,0,0,0,0,0,33,0,170,1,0,0,0,0,blue
Kansas Academy of Science,319,33,182,0,182,0,0,0,0,0,0,0,0,33,0,170,1,0,0,0,0,blue
National Council of Teachers of Mathematics,319,33,182,0,182,0,0,0,0,0,0,0,0,33,0,170,1,0,0,0,0,blue
ProBiologists LLC,319,33,182,0,182,0,0,0,0,0,0,0,0,33,0,170,1,0,0,0,0,blue
American Arachnological Society,325,32,182,0,182,0,0,0,0,0,0,0,0,32,0,170,1,0,0,0,0,blue
European Association of Geochemistry,325,32,182,0,182,0,0,0,0,0,0,0,0,32,0,170,1,0,0,0,0,blue
"SIGMA (Symmetry, Integrability and Geometry: Methods and Application)",325,32,182,0,182,0,0,0,0,0,0,0,0,32,0,170,1,0,0,0,0,blue
Southwestern Association of Naturalists,325,32,182,0,182,0,0,0,0,0,0,0,0,32,0,170,1,0,0,0,0,blue
Stockholm University Press,325,32,182,0,182,0,0,0,0,0,0,0,0,32,0,170,1,0,0,0,0,blue
Taiwan Association for Aerosol Research,325,32,182,0,182,0,0,0,0,0,0,0,0,32,0,170,1,0,0,0,0,blue
Aurora Health Care,331,31,182,0,182,0,0,0,0,0,0,0,0,31,0,170,1,0,0,0,0,blue
British Editorial Society of Bone & Joint Surgery,331,31,182,0,182,0,0,0,0,0,0,0,0,31,0,170,1,0,0,0,0,blue
Canadian Mathematical Society,331,31,182,0,182,0,0,0,0,0,0,0,0,31,0,170,1,0,0,0,0,blue
Scholink,331,31,182,0,182,0,0,0,0,0,0,0,0,31,0,170,1,0,0,0,0,blue
Scitepress,331,31,70,22307,166,0.13896983,0,0,0,0,0,0,0,31,0,170,1,0,0,0,0,blue
The Electronic Journal of Combinatorics,331,31,182,0,182,0,0,0,0,0,0,0,0,31,0,170,1,0,0,0,0,blue
AVES Publishing,337,30,114,10898,155,0.275279868,0,0,0,0,0,0,0,30,0,170,1,0,0,0,0,blue
Juniper Publishers,337,30,111,11683,158,0.25678336,0,0,0,0,0,0,0,30,0,170,1,0,0,0,0,blue
Museum and Institute of Zoology at the Polish Academy of Sciences,337,30,182,0,182,0,0,0,0,0,0,0,0,30,0,170,1,0,0,0,0,blue
EpiSmart Science Vector Ltd,340,29,182,0,182,0,0,0,0,0,0,0,0,29,0,170,1,0,0,0,0,blue
Missouri Botanical Garden Press,340,29,182,0,182,0,0,0,0,0,0,0,0,29,0,170,1,0,0,0,0,blue
"Museum National d'Histoire Naturelle, Paris, France",340,29,182,0,182,0,0,0,0,0,0,0,0,29,0,170,1,0,0,0,0,blue
Sci Forschen,340,29,182,0,182,0,0,0,0,0,0,0,0,29,0,170,1,0,0,0,0,blue
IBM,344,28,182,0,182,0,0,0,0,0,0,0,0,28,0,170,1,0,0,0,0,blue
Korean Endocrine Society,344,28,182,0,182,0,0,0,0,0,0,0,0,28,0,170,1,0,0,0,0,blue
AI Access Foundation,346,27,182,0,182,0,0,0,0,0,0,0,0,27,0,170,1,0,0,0,0,blue
American Spinal Injury Association,346,27,182,0,182,0,0,0,0,0,0,0,0,27,0,170,1,0,0,0,0,blue
NACE International,346,27,182,0,182,0,0,0,0,0,0,0,0,27,0,170,1,0,0,0,0,blue
Chinese Chemical Society,349,26,182,0,182,0,0,0,0,0,0,0,0,26,0,170,1,0,0,0,0,blue
Edinburgh University Library,349,26,182,0,182,0,0,0,0,0,0,0,0,26,0,170,1,0,0,0,0,blue
Foundation for Open Access Statistic,349,26,182,0,182,0,0,0,0,0,0,0,0,26,0,170,1,0,0,0,0,blue
Helminthological Society,349,26,182,0,182,0,0,0,0,0,0,0,0,26,0,170,1,0,0,0,0,blue
Knowledge Enterprise Journals,349,26,182,0,182,0,0,0,0,0,0,0,0,26,0,170,1,0,0,0,0,blue
The Korean Association of Immunobiologists,349,26,182,0,182,0,0,0,0,0,0,0,0,26,0,170,1,0,0,0,0,blue
Ant Publishing,355,25,182,0,182,0,0,0,0,0,0,0,0,25,0,170,1,0,0,0,0,blue
Instituto Nacional de Salud Publica,355,25,182,0,182,0,0,0,0,0,0,0,0,25,0,170,1,0,0,0,0,blue
Korean Diabetes Association,355,25,182,0,182,0,0,0,0,0,0,0,0,25,0,170,1,0,0,0,0,blue
Open Publishing Association,355,25,182,0,182,0,0,0,0,0,0,0,0,25,0,170,1,0,0,0,0,blue
Westerdijk Fungal Biodiversity Institute,355,25,182,0,182,0,0,0,0,0,0,0,0,25,0,170,1,0,0,0,0,blue
Asian Australasian Association of Animal Production Societies,360,24,182,0,182,0,0,0,0,0,0,0,0,24,0,170,1,0,0,0,0,blue
Bristol University Press,360,24,94,13860,162,0.173160173,0,0,0,0,0,0,0,24,0,170,1,0,0,0,0,blue
California Digital Library (CDL),360,24,165,5044,142,0.475812847,0,0,0,0,0,0,0,24,0,170,1,0,0,0,0,blue
CourseSource,360,24,182,0,182,0,0,0,0,0,0,0,0,24,0,170,1,0,0,0,0,blue
Dustri-Verlgag Dr. Karl Feistle,360,24,182,0,182,0,0,0,0,0,0,0,0,24,0,170,1,0,0,0,0,blue
Japan Epidemiological Association,360,24,182,0,182,0,0,0,0,0,0,0,0,24,0,170,1,0,0,0,0,blue
"Scandinavian Journal of Work, Environment and Health",360,24,182,0,182,0,0,0,0,0,0,0,0,24,0,170,1,0,0,0,0,blue
Society of Economic Geologists,360,24,182,0,182,0,0,0,0,0,0,0,0,24,0,170,1,0,0,0,0,blue
Society of Ethnobiology,360,24,182,0,182,0,0,0,0,0,0,0,0,24,0,170,1,0,0,0,0,blue
Council on Undergraduate Research,369,23,182,0,182,0,0,0,0,0,0,0,0,23,0,170,1,0,0,0,0,blue
DEStech Publications,369,23,67,24255,171,0.094825809,0,0,0,0,0,0,0,23,0,170,1,0,0,0,0,blue
EMBnet Stichting,369,23,182,0,182,0,0,0,0,0,0,0,0,23,0,170,1,0,0,0,0,blue
Journal of Clinical and Translational Research,369,23,182,0,182,0,0,0,0,0,0,0,0,23,0,170,1,0,0,0,0,blue
Pediatric Pharmacy Advocacy Group,369,23,182,0,182,0,0,0,0,0,0,0,0,23,0,170,1,0,0,0,0,blue
Russell Sage Foundation,369,23,182,0,182,0,0,0,0,0,0,0,0,23,0,170,1,0,0,0,0,blue
Transpopmed,369,23,182,0,182,0,0,0,0,0,0,0,0,23,0,170,1,0,0,0,0,blue
VM Media SP. zo.o VM Group SK,369,23,147,6399,148,0.359431161,0,0,0,0,0,0,0,23,0,170,1,0,0,0,0,blue
Diva Enterprises,377,22,45,38832,180,0.056654306,0,0,0,0,0,0,0,22,0,170,1,0,0,0,0,blue
Japanese Circulation Society,377,22,182,0,182,0,0,0,0,0,0,0,0,22,0,170,1,0,0,0,0,blue
Kansas Entomological Society,377,22,182,0,182,0,0,0,0,0,0,0,0,22,0,170,1,0,0,0,0,blue
National Institute of Standards and Technology (NIST),377,22,182,0,182,0,0,0,0,0,0,0,0,22,0,170,1,0,0,0,0,blue
Open Library of the Humanities,377,22,182,0,182,0,0,0,0,0,0,0,0,22,0,170,1,0,0,0,0,blue
UPV/EHU Press,377,22,182,0,182,0,0,0,0,0,0,0,0,22,0,170,1,0,0,0,0,blue
Ursus,377,22,182,0,182,0,0,0,0,0,0,0,0,22,0,170,1,0,0,0,0,blue
ALTEX Edition,384,21,182,0,182,0,0,0,0,0,0,0,0,21,0,170,1,0,0,0,0,blue
American Innovative Medical Sciences and Technologies (AIMSCI),384,21,182,0,182,0,0,0,0,0,0,0,0,21,0,170,1,0,0,0,0,blue
American Journal of Science (AJS),384,21,182,0,182,0,0,0,0,0,0,0,0,21,0,170,1,0,0,0,0,blue
Cleveland Clinic Journal of Medicine,384,21,182,0,182,0,0,0,0,0,0,0,0,21,0,170,1,0,0,0,0,blue
Korean Continence Society,384,21,182,0,182,0,0,0,0,0,0,0,0,21,0,170,1,0,0,0,0,blue
Longdom Group,384,21,182,0,182,0,0,0,0,0,0,0,0,21,0,170,1,0,0,0,0,blue
"Smart Science and Technology, LLC",384,21,182,0,182,0,0,0,0,0,0,0,0,21,0,170,1,0,0,0,0,blue
Systematic and Applied Acarology Society,384,21,182,0,182,0,0,0,0,0,0,0,0,21,0,170,1,0,0,0,0,blue
The Electromagnetics Academy,384,21,182,0,182,0,0,0,0,0,0,0,0,21,0,170,1,0,0,0,0,blue
The North American Chapter of the International Group for the Psychology of Mathematics Education,384,21,182,0,182,0,0,0,0,0,0,0,0,21,0,170,1,0,0,0,0,blue
The R Foundation,384,21,182,0,182,0,0,0,0,0,0,0,0,21,0,170,1,0,0,0,0,blue
Zoological Research,384,21,182,0,182,0,0,0,0,0,0,0,0,21,0,170,1,0,0,0,0,blue
Earth and Planetary Physics,396,20,182,0,182,0,0,0,0,0,0,0,0,20,0,170,1,0,0,0,0,blue
Graphyonline Publications,396,20,182,0,182,0,0,0,0,0,0,0,0,20,0,170,1,0,0,0,0,blue
Illinois State University,396,20,182,0,182,0,0,0,0,0,0,0,0,20,0,170,1,0,0,0,0,blue
Journal of Privacy and Confidentiality,396,20,182,0,182,0,0,0,0,0,0,0,0,20,0,170,1,0,0,0,0,blue
Oceanside Publications,396,20,182,0,182,0,0,0,0,0,0,0,0,20,0,170,1,0,0,0,0,blue
Open Exploration Publishing,396,20,182,0,182,0,0,0,0,0,0,0,0,20,0,170,1,0,0,0,0,blue
Purdue University (bepress),396,20,182,0,182,0,0,0,0,0,0,0,0,20,0,170,1,0,0,0,0,blue
Research Society on Marijuana,396,20,182,0,182,0,0,0,0,0,0,0,0,20,0,170,1,0,0,0,0,blue
The Korean Urological Association,396,20,182,0,182,0,0,0,0,0,0,0,0,20,0,170,1,0,0,0,0,blue
Zhejiang University Press,396,20,182,0,182,0,0,0,0,0,0,0,0,20,0,170,1,0,0,0,0,blue
"CAD Solutions, LLC",406,19,182,0,182,0,0,0,0,0,0,0,0,19,0,170,1,0,0,0,0,blue
Delaware Academy of Medicine - Delaware Public Health Association,406,19,182,0,182,0,0,0,0,0,0,0,0,19,0,170,1,0,0,0,0,blue
Hellenic Society of Gastroenterology,406,19,182,0,182,0,0,0,0,0,0,0,0,19,0,170,1,0,0,0,0,blue
Indiana University,406,19,182,0,182,0,0,0,0,0,0,0,0,19,0,170,1,0,0,0,0,blue
JCFCorp SG PTE LTD,406,19,182,0,182,0,0,0,0,0,0,0,0,19,0,170,1,0,0,0,0,blue
Organic Syntheses,406,19,182,0,182,0,0,0,0,0,0,0,0,19,0,170,1,0,0,0,0,blue
Pacific Coast Entomological Society,406,19,182,0,182,0,0,0,0,0,0,0,0,19,0,170,1,0,0,0,0,blue
Society for Modeling and Simulation International (SCS),406,19,182,0,182,0,0,0,0,0,0,0,0,19,0,170,1,0,0,0,0,blue
Southern California Academy of Sciences,406,19,182,0,182,0,0,0,0,0,0,0,0,19,0,170,1,0,0,0,0,blue
"The Korean Academy of Asthma, Allergy and Clinical Immunology and The Korean Academy of Pediatric Al",406,19,182,0,182,0,0,0,0,0,0,0,0,19,0,170,1,0,0,0,0,blue
The Shodor Education Foundation,406,19,182,0,182,0,0,0,0,0,0,0,0,19,0,170,1,0,0,0,0,blue
Academy of Natural Sciences of Philadelphia,417,18,182,0,182,0,0,0,0,0,0,0,0,18,0,170,1,0,0,0,0,blue
College of Psychiatric and Neurologic Pharmacists (CPNP),417,18,182,0,182,0,0,0,0,0,0,0,0,18,0,170,1,0,0,0,0,blue
Ecancer Global Foundation,417,18,182,0,182,0,0,0,0,0,0,0,0,18,0,170,1,0,0,0,0,blue
International Mountain Society (IMS) and United Nations University,417,18,182,0,182,0,0,0,0,0,0,0,0,18,0,170,1,0,0,0,0,blue
Korean Stroke Society,417,18,182,0,182,0,0,0,0,0,0,0,0,18,0,170,1,0,0,0,0,blue
Medical Journals Sweden AB,417,18,182,0,182,0,0,0,0,0,0,0,0,18,0,170,1,0,0,0,0,blue
Pan American Health Organization,417,18,182,0,182,0,0,0,0,0,0,0,0,18,0,170,1,0,0,0,0,blue
"Publicidad Permanyer, SLU",417,18,145,6649,156,0.270717401,0,0,0,0,0,0,0,18,0,170,1,0,0,0,0,blue
SciELO Agencia Nacional de Investigacion y Desarrollo (ANID),417,18,88,15270,169,0.117878193,0,0,0,0,0,0,0,18,0,170,1,0,0,0,0,blue
Symbiosis Group,417,18,182,0,182,0,0,0,0,0,0,0,0,18,0,170,1,0,0,0,0,blue
Tree-Ring Society,417,18,182,0,182,0,0,0,0,0,0,0,0,18,0,170,1,0,0,0,0,blue
University of Puerto Rico at Mayaguez,417,18,182,0,182,0,0,0,0,0,0,0,0,18,0,170,1,0,0,0,0,blue
University of Wisconsin Press,417,18,182,0,182,0,0,0,0,0,0,0,0,18,0,170,1,0,0,0,0,blue
American Malacological Society,430,17,182,0,182,0,0,0,0,0,0,0,0,17,0,170,1,0,0,0,0,blue
Avens Publishing Group,430,17,182,0,182,0,0,0,0,0,0,0,0,17,0,170,1,0,0,0,0,blue
BioOne,430,17,182,0,182,0,0,0,0,0,0,0,0,17,0,170,1,0,0,0,0,blue
Cancer Biology and Medicine,430,17,182,0,182,0,0,0,0,0,0,0,0,17,0,170,1,0,0,0,0,blue
Gavin Publishers,430,17,182,0,182,0,0,0,0,0,0,0,0,17,0,170,1,0,0,0,0,blue
John Libbey Eurotext,430,17,182,0,182,0,0,0,0,0,0,0,0,17,0,170,1,0,0,0,0,blue
Korean Neuropsychiatric Association,430,17,182,0,182,0,0,0,0,0,0,0,0,17,0,170,1,0,0,0,0,blue
Linguistic Society of America,430,17,182,0,182,0,0,0,0,0,0,0,0,17,0,170,1,0,0,0,0,blue
Radcliffe Cardiology,430,17,182,0,182,0,0,0,0,0,0,0,0,17,0,170,1,0,0,0,0,blue
Science Publishing Group,430,17,75,18423,173,0.092275959,0,0,0,0,0,0,0,17,0,170,1,0,0,0,0,blue
The Korean Society of Neurogastroenterology and Motility,430,17,182,0,182,0,0,0,0,0,0,0,0,17,0,170,1,0,0,0,0,blue
Canadian Center of Science and Education,441,16,84,15957,170,0.100269474,0,0,0,0,0,0,0,16,0,170,1,0,0,0,0,blue
EasyChair,441,16,182,0,182,0,0,0,0,0,0,0,0,16,0,170,1,0,0,0,0,blue
Engineered Science Publisher,441,16,182,0,182,0,0,0,0,0,0,0,0,16,0,170,1,0,0,0,0,blue
European Alliance for Innovation n.o.,441,16,103,12639,167,0.126592294,0,0,0,0,0,0,0,16,0,170,1,0,0,0,0,blue
Inishmore Laser Scientific Publishing Ltd,441,16,182,0,182,0,0,0,0,0,0,0,0,16,0,170,1,0,0,0,0,blue
International Journal of Sports Physical Therapy,441,16,182,0,182,0,0,0,0,0,0,0,0,16,0,170,1,0,0,0,0,blue
Journal of Artificial Societies and Social Simulation,441,16,182,0,182,0,0,0,0,0,0,0,0,16,0,170,1,0,0,0,0,blue
Korean Society for Sexual Medicine and Andrology,441,16,182,0,182,0,0,0,0,0,0,0,0,16,0,170,1,0,0,0,0,blue
Mineralogical Association of Canada,441,16,182,0,182,0,0,0,0,0,0,0,0,16,0,170,1,0,0,0,0,blue
Naturalis Biodiversity Center,441,16,182,0,182,0,0,0,0,0,0,0,0,16,0,170,1,0,0,0,0,blue
Schweizerbart,441,16,182,0,182,0,0,0,0,0,0,0,0,16,0,170,1,0,0,0,0,blue
Trans Tech Publications,441,16,65,25245,178,0.063378887,0,0,0,0,0,0,0,16,0,170,1,0,0,0,0,blue
University of Minnesota Press,441,16,182,0,182,0,0,0,0,0,0,0,0,16,0,170,1,0,0,0,0,blue
Berghahn Books,454,15,166,4810,151,0.311850312,0,0,0,0,0,0,0,15,0,170,1,0,0,0,0,blue
Beta Beta Biological Society,454,15,182,0,182,0,0,0,0,0,0,0,0,15,0,170,1,0,0,0,0,blue
Canadian Urological Association Journal,454,15,182,0,182,0,0,0,0,0,0,0,0,15,0,170,1,0,0,0,0,blue
Chinese Center for Disease Control and Prevention,454,15,182,0,182,0,0,0,0,0,0,0,0,15,0,170,1,0,0,0,0,blue
Europa Digital & Publishing,454,15,182,0,182,0,0,0,0,0,0,0,0,15,0,170,1,0,0,0,0,blue
Galenos Yayinevi,454,15,107,11918,168,0.125860044,0,0,0,0,0,0,0,15,0,170,1,0,0,0,0,blue
Global Health and Education Projects (GHEP),454,15,182,0,182,0,0,0,0,0,0,0,0,15,0,170,1,0,0,0,0,blue
KenzPub,454,15,182,0,182,0,0,0,0,0,0,0,0,15,0,170,1,0,0,0,0,blue
Korean Society for Biochemistry and Molecular Biology - BMB Reports,454,15,182,0,182,0,0,0,0,0,0,0,0,15,0,170,1,0,0,0,0,blue
Lyson Center for Civic Agriculture and Food Systems,454,15,182,0,182,0,0,0,0,0,0,0,0,15,0,170,1,0,0,0,0,blue
"Museum of Comparative Zoology, Harvard University",454,15,182,0,182,0,0,0,0,0,0,0,0,15,0,170,1,0,0,0,0,blue
Scandinavian University Press / Universitetsforlaget AS,454,15,123,9271,164,0.161794844,0,0,0,0,0,0,0,15,0,170,1,0,0,0,0,blue
Science Repository OU,454,15,182,0,182,0,0,0,0,0,0,0,0,15,0,170,1,0,0,0,0,blue
University of Michigan Library,454,15,182,0,182,0,0,0,0,0,0,0,0,15,0,170,1,0,0,0,0,blue
ARKAT USA,468,14,182,0,182,0,0,0,0,0,0,0,0,14,0,170,1,0,0,0,0,blue
IATED Academy,468,14,69,23270,179,0.0601633,0,0,0,0,0,0,0,14,0,170,1,0,0,0,0,blue
IUScholarWorks,468,14,182,0,182,0,0,0,0,0,0,0,0,14,0,170,1,0,0,0,0,blue
Institute of Physiology of the Czech Academy of Sciences,468,14,182,0,182,0,0,0,0,0,0,0,0,14,0,170,1,0,0,0,0,blue
Korean Academy of Medical Sciences,468,14,182,0,182,0,0,0,0,0,0,0,0,14,0,170,1,0,0,0,0,blue
Korean Cancer Association,468,14,182,0,182,0,0,0,0,0,0,0,0,14,0,170,1,0,0,0,0,blue
Korean Society of Cancer Prevention,468,14,182,0,182,0,0,0,0,0,0,0,0,14,0,170,1,0,0,0,0,blue
Marine Technology Society,468,14,182,0,182,0,0,0,0,0,0,0,0,14,0,170,1,0,0,0,0,blue
Past Global Changes (PAGES),468,14,182,0,182,0,0,0,0,0,0,0,0,14,0,170,1,0,0,0,0,blue
Quintessence Publishing,468,14,182,0,182,0,0,0,0,0,0,0,0,14,0,170,1,0,0,0,0,blue
Sci-Comm Consulting Ltd,468,14,182,0,182,0,0,0,0,0,0,0,0,14,0,170,1,0,0,0,0,blue
Science Publications,468,14,182,0,182,0,0,0,0,0,0,0,0,14,0,170,1,0,0,0,0,blue
Sciencedomain International,468,14,40,40285,181,0.034752389,0,0,0,0,0,0,0,14,0,170,1,0,0,0,0,blue
ScopeMed,468,14,86,15461,174,0.090550417,0,0,0,0,0,0,0,14,0,170,1,0,0,0,0,blue
Southwest Journal of Pulmonary and Critical Care,468,14,182,0,182,0,0,0,0,0,0,0,0,14,0,170,1,0,0,0,0,blue
The Angle Orthodontist (EH Angle Education & Research Foundation),468,14,182,0,182,0,0,0,0,0,0,0,0,14,0,170,1,0,0,0,0,blue
Academy of Science of South Africa,484,13,136,7713,163,0.16854661,0,0,0,0,0,0,0,13,0,170,1,0,0,0,0,blue
Airiti Press,484,13,182,0,182,0,0,0,0,0,0,0,0,13,0,170,1,0,0,0,0,blue
American Fern Society,484,13,182,0,182,0,0,0,0,0,0,0,0,13,0,170,1,0,0,0,0,blue
Knowledge E,484,13,90,15117,175,0.085995899,0,0,0,0,0,0,0,13,0,170,1,0,0,0,0,blue
Leibniz Institute for Psychology (ZPID),484,13,182,0,182,0,0,0,0,0,0,0,0,13,0,170,1,0,0,0,0,blue
Mineralogical Society,484,13,182,0,182,0,0,0,0,0,0,0,0,13,0,170,1,0,0,0,0,blue
New Prairie Press,484,13,182,0,182,0,0,0,0,0,0,0,0,13,0,170,1,0,0,0,0,blue
Oregon State University,484,13,182,0,182,0,0,0,0,0,0,0,0,13,0,170,1,0,0,0,0,blue
Press of International Journal of Ophthalmology (IJO Press),484,13,182,0,182,0,0,0,0,0,0,0,0,13,0,170,1,0,0,0,0,blue
Sciencematters,484,13,182,0,182,0,0,0,0,0,0,0,0,13,0,170,1,0,0,0,0,blue
Society for Applied Anthropology,484,13,182,0,182,0,0,0,0,0,0,0,0,13,0,170,1,0,0,0,0,blue
South Carolina Entomological Society,484,13,182,0,182,0,0,0,0,0,0,0,0,13,0,170,1,0,0,0,0,blue
The Biological Society of Washington,484,13,182,0,182,0,0,0,0,0,0,0,0,13,0,170,1,0,0,0,0,blue
"The Journal of Food and Drug Analysis (JFDA), Food and Drug Administration, Taiwan (TFDA)",484,13,182,0,182,0,0,0,0,0,0,0,0,13,0,170,1,0,0,0,0,blue
The Korean Association for the Study of the Liver,484,13,182,0,182,0,0,0,0,0,0,0,0,13,0,170,1,0,0,0,0,blue
The Korean Spinal Neurosurgery Society,484,13,182,0,182,0,0,0,0,0,0,0,0,13,0,170,1,0,0,0,0,blue
United Scientific Group,484,13,182,0,182,0,0,0,0,0,0,0,0,13,0,170,1,0,0,0,0,blue
