"About the data: Analytical views - Research Organization - Exported on Oct 19, 2022. Criteria: My groups is US YES federal funders; Publication Year is 2017 or 2018 or 2019 or 2020 or 2021; Country of Funder is United States; Country/Territory is United States; Publication Type is not Preprint.  1,218,013",,,,,,,,,,,,,,,,,,,,,,,
ID,Name,Country,Rank FF,FF Pubs,Rank allUS,AllUS,rank percent,Percentage,All OA,Bronze,Closed,Gold,Green,Hybrid,sum,delta,% OSTP closed,Rank % closed,% OSTP Green,% OSTP Gold,% OSTP Bronze,% OSTP Hybrid,color
grid.38142.3c,Harvard University,United States,1,59896,1,140890,233,42.51259848,51688,10936,8208,15467,19960,5325,59896,0,13.70375317,151,33.32442901,25.82309336,18.25831441,8.890410044,blue
grid.214458.e,University of Michigan - Ann Arbor,United States,2,37941,2,80287,154,47.25671653,30237,6483,7704,7505,12913,3336,37941,0,20.30521072,93,34.03442187,19.78071216,17.08705622,8.792599035,blue
grid.21107.35,Johns Hopkins University,United States,3,35801,3,77718,166,46.06526159,30080,5903,5721,8720,12463,2994,35801,0,15.98000056,125,34.81187676,24.35686154,16.48836625,8.362894891,blue
grid.34477.33,University of Washington,United States,4,34664,5,72541,144,47.78539033,28086,6013,6578,8068,10725,3280,34664,0,18.97645973,101,30.93987999,23.2748673,17.34652666,9.462266328,blue
grid.168010.e,Stanford University,United States,5,32493,4,75672,225,42.93926419,26467,5682,6026,6986,10453,3346,32493,0,18.54553288,104,32.17000585,21.50001539,17.48684332,10.29760256,blue
grid.25879.31,University of Pennsylvania,United States,6,29557,6,65977,191,44.79894509,24766,5349,4791,6646,10323,2448,29557,0,16.20935819,122,34.92573671,22.48536726,18.09723585,8.282301993,blue
grid.19006.3e,"University of California, Los Angeles",United States,7,29269,7,64068,176,45.68427296,23710,4933,5559,6730,9264,2783,29269,0,18.99279101,100,31.6512351,22.99361099,16.85400936,9.508353548,blue
grid.266100.3,"University of California, San Diego",United States,8,27840,10,54501,102,51.08163153,23023,4727,4817,6674,8866,2756,27840,0,17.30244253,116,31.84626437,23.97270115,16.97916667,9.899425287,blue
grid.47100.32,Yale University,United States,9,26654,8,56132,150,47.48450082,22306,4728,4348,6844,8222,2512,26654,0,16.31274856,118,30.8471524,25.67719667,17.73842575,9.424476626,blue
grid.5386.8,Cornell University,United States,10,24914,9,55855,194,44.60478023,19762,4479,5152,5835,6970,2478,24914,0,20.67913623,89,27.97623826,23.42056675,17.97784378,9.94621498,blue
grid.17635.36,University of Minnesota,United States,11,24823,13,53063,158,46.78024235,19138,3831,5685,5574,7057,2676,24823,0,22.9021472,72,28.4292793,22.45498127,15.43326753,10.7803247,blue
grid.266102.1,"University of California, San Francisco",United States,12,24743,11,54142,174,45.70019578,21736,4453,3007,6247,8828,2208,24743,0,12.15293214,168,35.67877784,25.24754476,17.99700926,8.923736006,blue
grid.47840.3f,"University of California, Berkeley",United States,13,23048,25,42362,78,54.40725178,18879,3593,4169,4473,7928,2885,23048,0,18.08833738,109,34.39777855,19.40732385,15.58920514,12.51735509,blue
grid.21729.3f,Columbia University,United States,14,22998,15,50052,169,45.94821386,19018,3873,3980,5173,7842,2130,22998,0,17.30585268,115,34.09861727,22.49326028,16.84059483,9.261674928,blue
grid.16753.36,Northwestern University,United States,15,22629,20,46887,139,48.26284471,17717,3894,4912,4748,7236,1839,22629,0,21.7066596,84,31.97666711,20.98192585,17.20800742,8.126740024,blue
grid.21925.3d,University of Pittsburgh,United States,16,22627,21,45759,117,49.44819598,18554,3627,4073,5154,7885,1888,22627,0,18.00061873,111,34.84774827,22.77809696,16.02952225,8.344013789,blue
grid.14003.36,University of Wisconsin–Madison,United States,17,22579,22,44932,110,50.25149114,17569,3432,5010,5259,6742,2136,22579,0,22.18875947,77,29.85960406,23.2915541,15.19996457,9.460117809,blue
grid.15276.37,University of Florida,United States,18,21075,12,54069,308,38.97797259,15313,2982,5762,5313,5002,2016,21075,0,27.34045077,48,23.73428233,25.20996441,14.14946619,9.565836299,blue
grid.116068.8,Massachusetts Institute of Technology,United States,19,20725,32,39948,94,51.87994393,17435,3010,3290,3993,7346,3086,20725,0,15.87454765,126,35.4451146,19.26658625,14.52352232,14.89022919,blue
grid.261331.4,The Ohio State University,United States,20,20696,16,48930,237,42.29715921,15724,3111,4972,4880,5723,2010,20696,0,24.02396598,70,27.65268651,23.57943564,15.03189022,9.712021647,blue
grid.32224.35,Massachusetts General Hospital,United States,21,20452,14,50785,280,40.27173378,17750,4013,2702,4948,7194,1595,20452,0,13.21142187,158,35.17504401,24.19323294,19.6215529,7.798748289,blue
grid.26009.3d,Duke University,United States,22,20016,24,43799,175,45.69967351,16394,3471,3622,4773,6282,1868,20016,0,18.09552358,108,31.38489209,23.84592326,17.3411271,9.332533973,blue
grid.10698.36,University of North Carolina at Chapel Hill,United States,23,19316,35,36981,91,52.23222736,16184,2840,3132,4623,7317,1404,19316,0,16.21453717,121,37.88051356,23.93352661,14.70283703,7.268585628,blue
grid.29857.31,Pennsylvania State University,United States,24,19256,23,44062,210,43.70205619,13517,3156,5739,3317,5277,1767,19256,0,29.80369755,35,27.40444537,17.22579975,16.38969672,9.176360615,blue
grid.27860.3b,"University of California, Davis",United States,25,18949,29,40756,161,46.49376779,15143,2938,3806,4994,5041,2170,18949,0,20.08549264,94,26.60298697,26.35495277,15.50477598,11.45179165,blue
grid.4367.6,Washington University in St. Louis,United States,26,18349,30,40360,178,45.46333003,15513,3351,2836,4515,6081,1566,18349,0,15.45588315,133,33.14077061,24.60624557,18.26257562,8.534525042,blue
grid.35403.31,University of Illinois Urbana-Champaign,United States,27,17745,34,37915,157,46.80205723,11975,2668,5770,3143,4223,1941,17745,0,32.51620175,22,23.79825303,17.71203156,15.03522119,10.93829248,blue
grid.189967.8,Emory University,United States,28,17640,26,42084,246,41.91616766,14769,2998,2871,4489,6053,1229,17640,0,16.2755102,119,34.31405896,25.4478458,16.99546485,6.967120181,blue
grid.62560.37,Brigham and Women's Hospital,United States,29,17052,27,41816,270,40.77864932,15034,4054,2018,3991,5741,1248,17052,0,11.83438893,170,33.66760497,23.40487919,23.77433732,7.318789585,blue
grid.42505.36,University of Southern California,United States,30,16543,28,40960,278,40.38818359,12650,2334,3893,3568,5353,1395,16543,0,23.53261198,71,32.35809708,21.56803482,14.10868645,8.432569667,blue
grid.89336.37,The University of Texas at Austin,United States,31,16236,37,36097,186,44.9788071,11635,2453,4601,2764,4842,1576,16236,0,28.33826066,41,29.82261641,17.02389751,15.10840108,9.706824341,blue
grid.189504.1,Boston University,United States,32,16029,44,32420,118,49.44170265,13141,2497,2888,4279,4766,1599,16029,0,18.01734356,110,29.73360784,26.69536465,15.57801485,9.9756691,blue
grid.223827.e,University of Utah,United States,33,15579,38,35992,215,43.2846188,11806,2619,3773,3008,4785,1394,15579,0,24.21849926,69,30.71442326,19.30804288,16.81109185,8.947942743,blue
grid.430387.b,"Rutgers, The State University of New Jersey",United States,34,15253,33,39459,314,38.65531311,11420,2173,3833,3499,4211,1537,15253,0,25.12948272,62,27.60768373,22.93974956,14.24637776,10.07670622,blue
grid.169077.e,Purdue University West Lafayette,United States,35,15205,40,34099,195,44.59075046,9700,2046,5505,2824,3321,1509,15205,0,36.20519566,11,21.84149951,18.57283788,13.45609997,9.924366985,blue
grid.170205.1,University of Chicago,United States,36,14920,41,33128,185,45.03743057,12595,2518,2325,3224,5177,1676,14920,0,15.58310992,131,34.69839142,21.60857909,16.8766756,11.23324397,blue
grid.137628.9,New York University,United States,37,14881,31,40008,339,37.19506099,12154,2358,2727,3775,4715,1306,14881,0,18.32538136,106,31.68469861,25.36791882,15.84570929,8.776291916,blue
grid.134563.6,University of Arizona,United States,38,14577,39,35813,272,40.70309664,11656,2446,2921,3228,4519,1463,14577,0,20.03841668,95,31.00089182,22.14447417,16.77985868,10.03635865,blue
grid.264756.4,Texas A&M University,United States,39,14130,36,36494,312,38.71869348,9610,2026,4520,3113,3057,1414,14130,0,31.98867657,24,21.63481953,22.03113942,14.33828733,10.00707714,blue
grid.17088.36,Michigan State University,United States,40,14049,42,33008,231,42.56240911,10105,2086,3944,3108,3306,1605,14049,0,28.07317247,43,23.53192398,22.122571,14.84803189,11.42430066,blue
grid.164295.d,"University of Maryland, College Park",United States,41,13843,55,25961,86,53.32229113,10288,1835,3555,2812,3760,1881,13843,0,25.68084953,58,27.1617424,20.31351586,13.25579715,13.58809507,blue
grid.184769.5,Lawrence Berkeley Nat Lab,United States,42,13623,91,17215,10,79.13447575,11923,1658,1700,3013,5134,2118,13623,0,12.47889598,163,37.68626587,22.117008,12.17059385,15.54723629,blue
grid.66875.3a,Mayo Clinic,United States,43,13530,17,48179,436,28.08277465,11499,2623,2031,3239,4550,1087,13530,0,15.01108647,138,33.62897265,23.93939394,19.38654841,8.033998522,blue
grid.266093.8,"University of California, Irvine",United States,44,13514,46,29479,172,45.84280335,10692,1992,2822,3260,3996,1444,13514,0,20.88204825,88,29.5693355,24.12313157,14.74026935,10.68521533,blue
grid.213917.f,Georgia Institute of Technology,United States,45,13130,49,28371,163,46.27965176,7709,1747,5421,1744,3005,1213,13130,0,41.28712871,4,22.88651942,13.28255903,13.30540746,9.238385377,blue
grid.152326.1,Vanderbilt University,United States,46,12977,59,24928,92,52.05792683,10596,2082,2381,3038,4262,1214,12977,0,18.34784619,105,32.84272174,23.41064961,16.04376975,9.355012715,blue
grid.16750.35,Princeton University,United States,47,12876,69,21506,54,59.87166372,10429,2074,2447,2254,4106,1995,12876,0,19.00434918,99,31.88878534,17.50543647,16.1074868,15.49394222,blue
grid.135519.a,Oak Ridge Nat Lab,United States,48,12820,102,15367,5,83.42552222,11119,1501,1701,2108,6067,1443,12820,0,13.26833073,157,47.32449298,16.44305772,11.70826833,11.25585023,blue
grid.51462.34,Memorial Sloan Kettering Cancer Center,United States,49,12690,64,23685,83,53.57821406,11349,2272,1341,2821,5154,1102,12690,0,10.56737589,181,40.61465721,22.23010244,17.90386131,8.684003152,blue
grid.215654.1,Arizona State University,United States,50,12465,47,29310,232,42.52814739,7831,1743,4634,2072,2877,1139,12465,0,37.17609306,7,23.08062575,16.62254312,13.98315283,9.137585239,blue
grid.40263.33,Brown University,United States,51,12434,51,27471,181,45.26227658,9883,1950,2551,2762,4221,950,12434,0,20.5163262,91,33.94724143,22.21328615,15.68280521,7.640341,blue
grid.20861.3d,California Institute of Technology,United States,52,12120,89,17385,30,69.71527179,10280,2047,1840,2074,4453,1706,12120,0,15.18151815,136,36.74092409,17.11221122,16.88943894,14.07590759,blue
grid.214572.7,University of Iowa,United States,53,11889,60,24527,135,48.47311127,9568,1815,2321,3096,3541,1116,11889,0,19.52224746,97,29.7838338,26.04087812,15.26621247,9.38682816,blue
grid.266190.a,University of Colorado Boulder,United States,54,11652,75,20820,69,55.96541787,8442,1791,3210,2421,2810,1420,11652,0,27.54891864,47,24.11603158,20.77754892,15.3707518,12.18674906,blue
grid.240145.6,The University of Texas MD Anderson Cancer Center,United States,55,11561,43,32716,371,35.33744957,9684,1899,1877,3098,3707,980,11561,0,16.23561976,120,32.06470029,26.79698988,16.42591471,8.476775365,blue
grid.265892.2,University of Alabama at Birmingham,United States,56,11506,52,26722,222,43.05815433,9681,1885,1825,3107,3935,754,11506,0,15.86128976,127,34.19954806,27.00330262,16.38275682,6.553102729,blue
grid.27755.32,University of Virginia,United States,57,11475,53,26198,207,43.80105352,8695,1902,2780,2494,3135,1164,11475,0,24.22657952,68,27.32026144,21.73420479,16.5751634,10.14379085,blue
grid.40803.3f,North Carolina State University,United States,58,11374,56,25957,206,43.81862311,6988,1534,4386,2224,2234,996,11374,0,38.56163179,6,19.64128715,19.55336733,13.48689995,8.756813786,blue
grid.59734.3c,Icahn School of Medicine at Mount Sinai,United States,59,10932,45,30902,369,35.37635105,9523,2158,1409,3047,3411,907,10932,0,12.88876692,161,31.20197585,27.8723015,19.74021222,8.296743505,blue
grid.430503.1,University of Colorado Anschutz Medical Campus,United States,60,10843,65,23538,165,46.06593593,9232,1970,1611,2838,3700,724,10843,0,14.85751176,140,34.12339758,26.1735682,18.16840358,6.677118879,blue
grid.187073.a,Argonne Nat Lab,United States,61,10792,128,12978,6,83.15611034,9161,1356,1631,1818,4477,1510,10792,0,15.1130467,137,41.48443291,16.84581171,12.56486286,13.99184581,blue
grid.438526.e,Virginia Tech,United States,62,10639,62,23976,201,44.37354021,6797,1491,3842,1902,2258,1146,10639,0,36.11241658,12,21.22379923,17.87762008,14.01447504,10.77168907,blue
grid.39382.33,Baylor College of Medicine,United States,63,10560,50,27780,323,38.01295896,9046,2029,1514,2976,3160,881,10560,0,14.33712121,147,29.92424242,28.18181818,19.21401515,8.34280303,blue
grid.185648.6,University of Illinois at Chicago,United States,64,10539,57,25410,256,41.47579693,8197,1372,2342,2600,3372,853,10539,0,22.22222222,76,31.99544549,24.67027232,13.01831293,8.093747035,blue
grid.411461.7,University of Tennessee at Knoxville,United States,65,9963,74,20838,143,47.81169018,7366,1244,2597,2307,2656,1159,9963,0,26.06644585,55,26.65863696,23.155676,12.48619894,11.63304226,blue
grid.133342.4,"University of California, Santa Barbara",United States,66,9781,90,17302,65,56.53103687,7029,1313,2752,1824,2525,1367,9781,0,28.13618239,42,25.8153563,18.64839996,13.42398528,13.97607607,blue
grid.67105.35,Case Western Reserve University,United States,67,9581,66,23093,254,41.48876283,7562,1480,2019,2393,2918,771,9581,0,21.07295689,86,30.45611105,24.97651602,15.44723933,8.047176704,blue
grid.412807.8,Vanderbilt University Medical Center,United States,68,9277,78,19448,149,47.70156314,8153,1726,1124,2331,3352,744,9277,0,12.11598577,169,36.13237038,25.12665732,18.60515253,8.019833998,blue
grid.24827.3b,University of Cincinnati,United States,69,9269,61,24042,317,38.55336494,7231,1500,2038,2021,2819,891,9269,0,21.98726939,80,30.41320531,21.80386234,16.18297551,9.612687453,blue
grid.17063.33,University of Toronto,Canada,70,9262,54,26098,366,35.48930953,8040,1639,1222,2331,2897,1173,9262,0,13.19369467,159,31.27834161,25.16735046,17.695962,12.66465126,blue
grid.36425.36,Stony Brook University,United States,71,9107,87,17614,96,51.70319064,7129,1212,1978,2015,2630,1272,9107,0,21.71955639,82,28.87888437,22.12583727,13.30844405,13.96727792,blue
grid.147455.6,Carnegie Mellon University,United States,72,9042,86,17701,101,51.08185978,6211,1467,2831,1370,2174,1200,9042,0,31.30944481,29,24.04335324,15.15151515,16.22428666,13.27140013,blue
grid.267313.2,The University of Texas Southwestern Medical Center,United States,73,9001,63,23927,330,37.61858988,7587,1729,1414,2255,2893,710,9001,0,15.70936563,128,32.14087324,25.05277191,19.20897678,7.888012443,blue
grid.148313.c,Los Alamos Nat Lab,United States,74,8783,150,11272,14,77.91873669,7558,1156,1225,1522,3422,1458,8783,0,13.94739838,149,38.96163042,17.32893089,13.16178982,16.60025048,blue
grid.257413.6,Indiana University – Purdue University Indianapolis,United States,75,8708,67,22432,309,38.81954351,7517,1261,1191,2252,3385,619,8708,0,13.67707855,152,38.87230133,25.86127699,14.48093707,7.108406063,blue
grid.34421.30,Iowa State University,United States,76,8706,77,19516,193,44.60955114,6434,1133,2272,1936,2130,1235,8706,0,26.09694464,54,24.4658856,22.23753733,13.01401332,14.18561911,blue
grid.5288.7,Oregon Health & Science University,United States,77,8635,68,21507,283,40.1497187,7362,1423,1273,2263,2963,713,8635,0,14.74232774,143,34.31383903,26.20729589,16.47944412,8.257093225,blue
grid.26790.3a,University of Miami,United States,78,8588,58,25127,390,34.17837386,6633,1293,1955,2273,2462,605,8588,0,22.76432231,73,28.66790871,26.46716348,15.05589194,7.044713554,blue
grid.411024.2,"University of Maryland, Baltimore",United States,79,8587,72,21022,268,40.84768338,7245,1378,1342,2395,2828,644,8587,0,15.6282753,129,32.93350413,27.89099802,16.04751368,7.499708862,blue
grid.213876.9,University of Georgia,United States,80,8403,73,20997,285,40.02000286,5964,1281,2439,2227,1808,648,8403,0,29.02534809,38,21.51612519,26.5024396,15.24455552,7.711531596,blue
grid.47894.36,Colorado State University,United States,81,8321,93,16585,112,50.17184203,5722,1229,2599,2007,1615,871,8321,0,31.23422666,30,19.40872491,24.11969715,14.76985939,10.46749189,blue
grid.2515.3,Boston Children's Hospital,United States,82,8268,76,19793,250,41.77234376,7167,1617,1101,1961,2915,674,8268,0,13.31640058,156,35.25641026,23.71794872,19.55732946,8.151910982,blue
grid.266539.d,University of Kentucky,United States,83,8117,70,21347,322,38.02407832,6019,1168,2098,1826,2330,695,8117,0,25.8469878,56,28.70518665,22.49599606,14.38955279,8.562276703,blue
grid.273335.3,"University at Buffalo, State University of New York",United States,84,7940,79,18685,234,42.49397913,5683,1029,2257,1893,2072,689,7940,0,28.4256927,40,26.09571788,23.84130982,12.95969773,8.677581864,blue
grid.4991.5,University of Oxford,United Kingdom,85,7932,81,18354,218,43.2167375,7531,1088,401,2324,2196,1923,7932,0,5.055471508,196,27.68532526,29.29904186,13.71659102,24.24357035,blue
grid.266097.c,"University of California, Riverside",United States,86,7776,109,14649,89,53.08212165,5791,1182,1985,1823,1865,921,7776,0,25.52726337,59,23.9840535,23.44393004,15.20061728,11.8441358,blue
grid.266683.f,University of Massachusetts Amherst,United States,87,7692,97,15744,127,48.85670732,5380,1114,2312,1510,1904,852,7692,0,30.05720229,34,24.75299012,19.63078523,14.4825793,11.07644306,blue
grid.4391.f,Oregon State University,United States,88,7640,96,15749,133,48.51101657,4983,1139,2657,1826,1257,761,7640,0,34.77748691,17,16.45287958,23.90052356,14.90837696,9.960732984,blue
grid.48336.3a,National Cancer Institute,United States,89,7559,147,11333,38,66.69902056,6633,1174,926,1842,2704,913,7559,0,12.25029766,166,35.7719275,24.36830269,15.53115491,12.07831724,blue
grid.266832.b,University of New Mexico,United States,90,7309,98,15738,162,46.44173338,5477,974,1832,1685,2070,748,7309,0,25.06498837,64,28.32124778,23.05376933,13.32603639,10.23395813,blue
grid.410445.0,University of Hawaii at Manoa,United States,91,7254,108,14737,122,49.22304404,5478,1112,1776,1673,1641,1052,7254,0,24.48304384,66,22.62200165,23.06313758,15.32947339,14.50234353,blue
grid.83440.3b,University College London,United Kingdom,92,7106,94,16423,216,43.26858674,6829,1024,277,1944,2171,1690,7106,0,3.89811427,199,30.5516465,27.35716296,14.41035744,23.78271883,blue
grid.65499.37,Dana-Farber Cancer Institute,United States,93,7082,92,17112,258,41.38616176,6218,1523,864,1658,2333,704,7082,0,12.19994352,167,32.94267156,23.41146569,21.50522451,9.940694719,blue
grid.5335.0,University of Cambridge,United Kingdom,94,7077,110,14647,138,48.31706151,6651,1112,426,1807,2116,1616,7077,0,6.019499788,193,29.899675,25.53341812,15.71287269,22.83453441,blue
grid.451303.0,Pacific Northwest Nat Lab,United States,95,7032,181,8771,9,80.17329837,4910,1045,2122,1363,1844,658,7032,0,30.17633675,32,26.22298066,19.38282139,14.86063709,9.357224118,blue
grid.63054.34,University of Connecticut,United States,96,6984,88,17522,288,39.85846365,4756,1048,2228,1407,1726,575,6984,0,31.90148912,25,24.71363116,20.14604811,15.00572738,8.233104238,blue
grid.239395.7,Beth Israel Deaconess Medical Center,United States,97,6955,79,18685,338,37.22237089,6068,1504,887,1698,2412,454,6955,0,12.75341481,162,34.68008627,24.41409058,21.62473041,6.52767793,blue
grid.224260.0,Virginia Commonwealth University,United States,98,6840,82,18185,331,37.61341765,5170,993,1670,1462,2298,417,6840,0,24.41520468,67,33.59649123,21.37426901,14.51754386,6.096491228,blue
grid.33489.35,University of Delaware,United States,99,6807,123,13293,100,51.20740239,4422,983,2385,1135,1766,538,6807,0,35.03746144,16,25.9438813,16.67401205,14.4410166,7.903628618,blue
grid.255986.5,Florida State University,United States,100,6664,106,14825,187,44.95109612,4601,884,2063,1361,1570,786,6664,0,30.95738295,31,23.55942377,20.42316927,13.26530612,11.79471789,blue
grid.30064.31,Washington State University,United States,101,6663,105,14864,190,44.82642626,4415,1068,2248,1438,1300,609,6663,0,33.73855621,20,19.5107309,21.58187003,16.02881585,9.140027015,blue
grid.134936.a,University of Missouri,United States,102,6657,85,17855,336,37.28367404,4655,1097,2002,1442,1598,518,6657,0,30.07360673,33,24.00480697,21.66140904,16.4788944,7.78128286,blue
grid.24434.35,University of Nebraska–Lincoln,United States,103,6631,111,14616,179,45.36808976,4786,808,1845,1794,1489,695,6631,0,27.82385764,44,22.45513497,27.05474287,12.18519077,10.48107374,blue
grid.170693.a,University of South Florida,United States,104,6534,71,21195,421,30.82802548,4480,892,2054,1379,1680,529,6534,0,31.4355678,28,25.71166208,21.10498929,13.6516682,8.096112642,blue
grid.133275.1,Goddard Space Flight Center,United States,105,6500,172,9295,29,69.93006993,5220,1060,1280,1166,2074,920,6500,0,19.69230769,96,31.90769231,17.93846154,16.30769231,14.15384615,blue
grid.254444.7,Wayne State University,United States,106,6491,83,17931,356,36.19987731,5234,783,1257,1812,1907,732,6491,0,19.365275,98,29.37914035,27.91557541,12.06285626,11.27715298,blue
grid.131063.6,University of Notre Dame,United States,107,6402,135,12341,95,51.87586095,4377,789,2025,1249,1531,808,6402,0,31.63074039,27,23.91440175,19.50952827,12.32427366,12.62105592,blue
grid.261112.7,Northeastern University,United States,108,6340,127,13042,132,48.61217605,4477,716,1863,1652,1447,662,6340,0,29.38485804,36,22.82334385,26.05678233,11.29337539,10.44164038,blue
grid.253615.6,George Washington University,United States,109,6281,84,17869,374,35.15026023,4732,882,1549,1428,1817,605,6281,0,24.66167808,65,28.92851457,22.73523324,14.04234994,9.632224168,blue
grid.410711.2,University of North Carolina System,United States,110,6245,124,13209,153,47.27837081,5318,957,927,1505,2336,520,6245,0,14.8438751,141,37.40592474,24.09927942,15.32425941,8.326661329,blue
grid.239552.a,Children's Hospital of Philadelphia,United States,111,6206,103,15006,260,41.35679062,5285,1144,921,1239,2492,410,6206,0,14.84047696,142,40.15468901,19.96455044,18.43377377,6.606509829,blue
grid.7445.2,Imperial College London,United Kingdom,112,6100,112,14545,244,41.93881059,5742,746,358,1810,1690,1496,6100,0,5.868852459,195,27.70491803,29.67213115,12.2295082,24.52459016,blue
grid.250008.f,Lawrence Livermore Nat Lab,United States,113,6082,218,7232,4,84.09845133,5432,732,650,1093,2605,1002,6082,0,10.68727392,180,42.83130549,17.97106215,12.03551463,16.4748438,blue
grid.267308.8,The University of Texas Health Science Center at Houston,United States,114,6073,100,15546,307,39.06471118,5074,899,999,1951,1809,415,6073,0,16.44986004,117,29.78758439,32.12580273,14.8032274,6.83352544,blue
grid.12527.33,Tsinghua University,China,115,6044,117,14050,223,43.01779359,4715,733,1329,1463,1345,1174,6044,0,21.98874917,79,22.25347452,24.20582396,12.12772998,19.42422237,blue
grid.429997.8,Tufts University,United States,116,5993,121,13489,199,44.42879383,4717,840,1276,1692,1498,687,5993,0,21.29150676,85,24.99582847,28.23293843,14.01635241,11.46337394,blue
grid.266436.3,University of Houston,United States,117,5984,104,15004,287,39.88269795,3795,610,2189,1103,1457,625,5984,0,36.58088235,9,24.34826203,18.43248663,10.19385027,10.44451872,blue
grid.17091.3e,University of British Columbia,Canada,118,5972,95,16151,344,36.97603864,5114,944,858,1593,1653,924,5972,0,14.36704622,146,27.67916946,26.67448091,15.8070998,15.47220362,blue
grid.21940.3e,Rice University,United States,119,5968,151,11072,79,53.9017341,4352,746,1616,1341,1461,804,5968,0,27.07774799,50,24.480563,22.46983914,12.5,13.47184987,blue
grid.205975.c,"University of California, Santa Cruz",United States,119,5968,159,10112,59,59.01898734,4896,1127,1072,1247,1696,826,5968,0,17.96246649,112,28.41823056,20.89477212,18.88404826,13.84048257,blue
grid.411377.7,Indiana University Bloomington,United States,121,5947,119,13972,230,42.56369883,4636,841,1311,1302,1606,887,5947,0,22.04472843,78,27.00521271,21.89339163,14.14158399,14.91508324,blue
grid.16416.34,University of Rochester,United States,122,5933,136,12314,140,48.18093227,4815,739,1118,1435,1857,784,5933,0,18.84375527,102,31.29951121,24.18675206,12.45575594,13.21422552,blue
grid.202665.5,Brookhaven Nat Lab,United States,123,5920,222,7132,7,83.00616938,5469,565,451,1297,2382,1225,5920,0,7.618243243,187,40.23648649,21.90878378,9.543918919,20.69256757,blue
grid.416738.f,Centers for Disease Control and Prevention,United States,124,5871,163,9941,58,59.05844482,5185,721,686,1830,1854,780,5871,0,11.68455118,175,31.57894737,31.17015841,12.28070175,13.28564129,blue
grid.239578.2,Cleveland Clinic,United States,125,5869,48,28933,453,20.28479591,5051,1133,818,1501,1866,551,5869,0,13.93763844,150,31.79417277,25.57505538,19.30482195,9.388311467,blue
grid.264727.2,Temple University,United States,126,5842,101,15445,325,37.82453869,4316,812,1526,1234,1729,541,5842,0,26.12119137,53,29.59602876,21.12290312,13.89934954,9.260527217,blue
grid.239573.9,Cincinnati Children's Hospital Medical Center,United States,127,5827,120,13955,251,41.75564314,4976,1024,851,1386,2161,405,5827,0,14.60442766,144,37.08597906,23.78582461,17.57336537,6.950403295,blue
grid.254567.7,University of South Carolina,United States,128,5724,115,14227,281,40.23335911,3880,798,1844,1128,1503,451,5724,0,32.2152341,23,26.25786164,19.70649895,13.94129979,7.879105521,blue
grid.2865.9,United States Geological Survey,United States,129,5665,196,8100,28,69.9382716,3420,770,2245,1260,579,811,5665,0,39.62930274,5,10.22065313,22.24183583,13.59223301,14.31597529,blue
grid.66859.34,Broad Institute,United States,130,5643,210,7726,22,73.03908879,5306,1227,337,1674,1728,677,5643,0,5.972000709,194,30.62200957,29.66507177,21.74375332,11.99716463,blue
grid.251993.5,Albert Einstein College of Medicine,United States,131,5583,140,12151,170,45.94683565,4859,977,724,1588,1903,391,5583,0,12.96793838,160,34.08561705,28.44348916,17.49955221,7.003403188,blue
grid.266515.3,University of Kansas,United States,132,5565,107,14744,328,37.74416712,4030,668,1535,1290,1514,558,5565,0,27.58310872,46,27.20575022,23.18059299,12.00359389,10.02695418,blue
grid.259828.c,Medical University of South Carolina,United States,133,5484,129,12836,227,42.7235899,4605,824,879,1327,2107,347,5484,0,16.02844639,123,38.42086069,24.19766594,15.02552881,6.327498177,blue
grid.270240.3,Fred Hutchinson Cancer Research Center,United States,134,5418,184,8656,45,62.59242144,4910,997,508,1540,1784,589,5418,0,9.376153562,183,32.92727944,28.42377261,18.40162422,10.87117017,blue
grid.11135.37,Peking University,China,135,5388,139,12156,202,44.32379072,4384,666,1004,1304,1423,991,5388,0,18.63400148,103,26.41054195,24.20193022,12.36080178,18.39272457,blue
grid.254880.3,Dartmouth College,United States,136,5379,154,10689,109,50.32276172,4211,861,1168,1323,1576,451,5379,0,21.71407325,83,29.29912623,24.59564975,16.00669269,8.384458078,blue
grid.189509.c,Duke University Hospital,United States,137,5338,113,14467,346,36.89776733,4614,1055,724,1289,1859,411,5338,0,13.56313226,154,34.82577744,24.14762083,19.76395654,7.699512926,blue
grid.241167.7,Wake Forest University,United States,137,5338,126,13057,267,40.88228536,4611,961,727,1355,1989,306,5338,0,13.61933308,153,37.2611465,25.38403897,18.00299738,5.732484076,blue
grid.419681.3,Natl Inst of Allergy and Infectious Diseases,United States,139,5268,242,6457,8,81.58587579,4678,898,590,1858,1352,570,5268,0,11.19969628,177,25.66438876,35.26955201,17.04631739,10.82004556,blue
grid.268154.c,West Virginia University,United States,140,5167,122,13369,315,38.64911362,3856,788,1311,1083,1605,380,5167,0,25.37255661,61,31.0625121,20.95993807,15.25062899,7.354364235,blue
grid.64337.35,Louisiana State University,United States,141,5151,118,14001,348,36.79022927,3516,697,1635,953,1248,618,5151,0,31.74140944,26,24.22830518,18.50126189,13.53135314,11.99767036,blue
grid.14709.3b,McGill University,Canada,142,5017,143,12093,255,41.48681055,4428,809,589,1487,1443,689,5017,0,11.74008372,172,28.76220849,29.63922663,16.12517441,13.73330676,blue
grid.239585.0,Columbia University Medical Center,United States,143,4968,116,14052,370,35.35439795,4385,1016,583,1228,1783,358,4968,0,11.73510467,173,35.88969404,24.71819646,20.45088567,7.206119163,blue
grid.5254.6,University of Copenhagen,Denmark,144,4964,157,10394,146,47.75832211,4588,798,376,1524,1408,858,4964,0,7.574536664,188,28.3642224,30.70104754,16.07574537,17.28444803,blue
grid.65456.34,Florida International University,United States,145,4922,134,12360,290,39.82200647,3184,464,1738,1288,982,450,4922,0,35.31084925,14,19.95123933,26.1682243,9.42706217,9.142624949,blue
grid.11899.38,Universidade de São Paulo,Brazil,146,4881,114,14394,393,33.90996248,4173,744,708,1618,1172,639,4881,0,14.50522434,145,24.01147306,33.14894489,15.24277812,13.09157959,blue
grid.1008.9,University of Melbourne,Australia,147,4836,144,11939,274,40.50590502,4411,769,425,1466,1349,827,4836,0,8.788254756,186,27.89495451,30.31430935,15.90157155,17.10090984,blue
grid.16821.3c,Shanghai Jiao Tong University,China,148,4807,137,12199,297,39.40486925,3799,595,1008,1282,1161,761,4807,0,20.9694196,87,24.15227793,26.6694404,12.3777824,15.83107968,blue
grid.266900.b,University of Oklahoma,United States,149,4804,132,12588,319,38.16333016,3471,754,1333,1166,1031,520,4804,0,27.74771024,45,21.46128226,24.27144047,15.69525396,10.82431307,blue
grid.30760.32,Medical College of Wisconsin,United States,150,4754,125,13208,360,35.99333737,4030,851,724,1184,1611,384,4754,0,15.22928061,135,33.88725284,24.90534287,17.90071519,8.077408498,blue
grid.26999.3d,University of Tokyo,Japan,151,4722,173,9203,98,51.30935564,4299,717,423,1286,1305,991,4722,0,8.958068615,185,27.63659466,27.23422279,15.18424396,20.98686997,blue
grid.265219.b,Tulane University,United States,152,4634,138,12176,321,38.05847569,3786,808,848,1349,1258,371,4634,0,18.29952525,107,27.14717307,29.11091929,17.43634009,8.006042296,blue
grid.166341.7,Drexel University,United States,153,4622,131,12672,353,36.47411616,3299,638,1323,943,1387,331,4622,0,28.62397231,39,30.00865426,20.40242319,13.80354825,7.16140199,blue
grid.211367.0,Jet Propulsion Lab,United States,154,4612,232,6859,35,67.24012247,3106,556,1506,846,1140,564,4612,0,32.65394623,21,24.71812663,18.34345186,12.05550737,12.22896791,blue
grid.36567.31,Kansas State University,United States,155,4606,149,11280,269,40.83333333,3263,556,1343,1489,673,545,4606,0,29.1576205,37,14.61137647,32.32739904,12.07121146,11.83239253,blue
grid.170430.1,University of Central Florida,United States,156,4603,99,15724,428,29.2737217,2569,514,2034,787,896,372,4603,0,44.18857267,2,19.46556594,17.09754508,11.16663046,8.081685857,blue
grid.168645.8,University of Massachusetts Medical School,United States,157,4601,167,9603,142,47.9121108,3981,765,620,1391,1477,348,4601,0,13.47533145,155,32.10171702,30.23255814,16.62682026,7.563573136,blue
grid.26090.3d,Clemson University,United States,158,4589,141,12133,326,37.82246765,2675,630,1914,857,867,321,4589,0,41.70843321,3,18.89300501,18.67509261,13.72848115,6.994988015,blue
grid.410726.6,University of Chinese Academy of Sciences,China,159,4459,142,12119,347,36.79346481,3453,546,1006,1178,855,874,4459,0,22.56111236,74,19.17470285,26.41847948,12.24489796,19.60080736,blue
grid.474520.0,Sandia National Laboratories,United States,160,4386,255,6132,24,71.52641879,3622,486,764,446,2267,423,4386,0,17.41906065,113,51.6871865,10.16871865,11.08071135,9.644322845,blue
grid.267323.1,The University of Texas at Dallas,United States,161,4344,161,9955,211,43.63636364,2804,456,1540,882,964,502,4344,0,35.45119705,13,22.19152855,20.3038674,10.49723757,11.55616943,blue
grid.5801.c,ETH Zurich,Switzerland,162,4293,183,8660,116,49.57274827,3790,552,503,1232,1172,834,4293,0,11.71674819,174,27.30025623,28.69788027,12.85814116,19.42697414,blue
grid.412750.5,University of Rochester Medical Center,United States,163,4118,158,10167,276,40.50359005,3475,624,643,1155,1379,317,4118,0,15.61437591,130,33.48712967,28.04759592,15.15298689,7.697911608,blue
grid.419357.d,National Renewable Energy Lab,United States,164,4099,307,5185,11,79.05496625,3262,520,837,605,1735,402,4099,0,20.41961454,92,42.32739693,14.75969749,12.68602098,9.807270066,blue
grid.59062.38,University of Vermont,United States,165,4060,176,9042,188,44.90157045,3172,723,888,974,1154,321,4060,0,21.87192118,81,28.42364532,23.99014778,17.80788177,7.906403941,blue
grid.266623.5,University of Louisville,United States,166,4018,130,12706,415,31.62285534,2997,552,1021,1100,1066,279,4018,0,25.41065207,60,26.53061224,27.37680438,13.7381782,6.943753111,blue
grid.252546.2,Auburn University,United States,167,3964,145,11930,401,33.22715842,2175,562,1789,757,581,275,3964,0,45.13118063,1,14.65691221,19.09687185,14.17759839,6.937436932,blue
grid.94365.3d,National Institutes of Health,United States,168,3951,231,6896,63,57.29408353,3385,629,566,1034,1278,444,3951,0,14.32548722,148,32.34624146,26.17058972,15.92002025,11.23766135,blue
grid.170202.6,University of Oregon,United States,169,3945,200,8063,125,48.92719831,2955,582,990,959,935,479,3945,0,25.09505703,63,23.7008872,24.30925222,14.75285171,12.14195184,blue
grid.1013.3,The University of Sydney,Australia,170,3935,148,11323,381,34.75227413,3514,706,421,1068,1116,624,3935,0,10.69885642,179,28.36086404,27.14104193,17.94155019,15.85768742,blue
grid.13402.34,Zhejiang University,China,171,3914,146,11474,391,34.11190518,2882,534,1032,944,840,564,3914,0,26.36688809,52,21.46142054,24.1185488,13.64333163,14.40981094,blue
grid.94225.38,National Institute of Standards and Technology,United States,172,3864,233,6789,64,56.91559876,2817,379,1047,518,1473,447,3864,0,27.09627329,49,38.12111801,13.4057971,9.808488613,11.56832298,blue
grid.445003.6,SLAC Nat Accel Lab,United States,173,3861,357,4411,1,87.53117207,3581,365,280,1025,1451,740,3861,0,7.252007252,190,37.58093758,26.54752655,9.453509454,19.16601917,blue
grid.4305.2,University of Edinburgh,United Kingdom,174,3853,198,8074,147,47.72108001,3713,526,140,1221,992,974,3853,0,3.633532312,200,25.74617181,31.68959253,13.65169997,25.27900337,blue
grid.214007.0,Scripps Research Institute,United States,175,3849,303,5267,21,73.07765331,3419,631,430,1046,1369,373,3849,0,11.17173292,178,35.56767992,27.17588984,16.39386854,9.690828787,blue
grid.417768.b,Center for Cancer Research,United States,176,3823,320,4879,13,78.35622054,3453,613,370,1250,1202,388,3823,0,9.678263144,182,31.44127648,32.69683495,16.03452786,10.14909757,blue
grid.266813.8,University of Nebraska Medical Center,United States,177,3781,168,9530,292,39.67471144,3215,551,566,1141,1222,301,3781,0,14.96958477,139,32.3194922,30.1772018,14.57286432,7.960856916,blue
grid.455754.2,Center for Astrophysics Harvard & Smithsonian,United States,178,3759,313,5096,20,73.76373626,3609,1180,150,125,1959,345,3759,0,3.990422985,198,52.11492418,3.325352487,31.39132748,9.177972865,blue
grid.256304.6,Georgia State University,United States,179,3719,169,9484,301,39.21341206,2759,529,960,819,1077,334,3719,0,25.8133907,57,28.95939769,22.02204894,14.22425383,8.980908846,blue
grid.22448.38,George Mason University,United States,180,3713,153,11030,395,33.66273799,2357,528,1356,725,797,307,3713,0,36.52033396,10,21.46512254,19.52598977,14.22030703,8.268246701,blue
grid.5379.8,University of Manchester,United Kingdom,181,3602,199,8073,192,44.61786201,3420,490,182,994,952,984,3602,0,5.052748473,197,26.42976124,27.59578012,13.60355358,27.31815658,blue
grid.266818.3,University of Nevada Reno,United States,182,3584,185,8579,249,41.77643082,2262,513,1322,765,707,277,3584,0,36.88616071,8,19.7265625,21.34486607,14.31361607,7.728794643,blue
grid.13097.3c,King's College London,United Kingdom,183,3560,180,8789,275,40.50517693,3324,426,236,1091,1019,788,3560,0,6.629213483,192,28.62359551,30.64606742,11.96629213,22.13483146,blue
grid.1002.3,Monash University,Australia,184,3540,170,9430,332,37.5397667,3123,638,417,981,1094,410,3540,0,11.77966102,171,30.9039548,27.71186441,18.02259887,11.5819209,blue
grid.411015.0,University of Alabama,United States,185,3535,160,10048,373,35.18113057,2291,446,1244,867,585,393,3535,0,35.19094767,15,16.54879774,24.5261669,12.61669024,11.11739745,blue
grid.12136.37,Tel Aviv University,Israel,186,3507,187,8292,238,42.29377713,3109,535,398,1011,972,591,3507,0,11.34873111,176,27.71599658,28.82805817,15.25520388,16.85201027,blue
grid.264784.b,Texas Tech University,United States,187,3506,155,10636,404,32.96352012,2293,417,1213,862,606,408,3506,0,34.59783229,18,17.28465488,24.58642327,11.89389618,11.63719338,blue
grid.4714.6,Karolinska Institute,Sweden,188,3490,178,8918,305,39.13433505,3248,600,242,1049,960,639,3490,0,6.934097421,191,27.50716332,30.05730659,17.19197708,18.30945559,blue
grid.5252.0,Ludwig-Maximilians-Universität München,Germany,189,3475,212,7708,184,45.08303062,3214,522,261,1053,902,737,3475,0,7.510791367,189,25.95683453,30.30215827,15.02158273,21.20863309,blue
grid.17089.37,University of Alberta,Canada,190,3451,162,9942,383,34.71132569,2920,557,531,959,930,474,3451,0,15.38684439,134,26.94871052,27.78904665,16.1402492,13.73514923,blue
grid.263081.e,San Diego State University,United States,191,3414,213,7692,200,44.38377535,2510,465,904,713,1047,285,3414,0,26.47920328,51,30.66783831,20.88459285,13.62038664,8.34797891,blue
grid.50956.3f,Cedars-Sinai Medical Center,United States,192,3406,165,9768,379,34.86895987,2982,691,424,937,1074,280,3406,0,12.44862008,164,31.53258955,27.51027598,20.28772754,8.220786847,blue
grid.59053.3a,University of Science and Technology of China,China,193,3391,234,6666,105,50.87008701,2691,353,700,763,766,809,3391,0,20.64287821,90,22.58920672,22.50073725,10.40990858,23.85726924,blue
grid.1005.4,UNSW Sydney,Australia,194,3329,175,9080,351,36.66299559,2797,580,532,771,1019,427,3329,0,15.98077501,124,30.60979273,23.16010814,17.42264944,12.82667468,blue
grid.279885.9,National Heart Lung and Blood Institute,United States,195,3300,328,4762,31,69.29861403,2993,741,307,921,1018,313,3300,0,9.303030303,184,30.84848485,27.90909091,22.45454545,9.484848485,blue
grid.65519.3e,Oklahoma State University,United States,196,3264,171,9401,382,34.71971067,2149,384,1115,953,486,326,3264,0,34.16053922,19,14.88970588,29.19730392,11.76470588,9.987745098,blue
grid.213910.8,Georgetown University,United States,197,3249,152,11035,427,29.44268237,2516,472,733,808,962,274,3249,0,22.56078793,75,29.6091105,24.86919052,14.52754694,8.433364112,blue
grid.176731.5,The University of Texas Medical Branch at Galveston,United States,198,3214,192,8207,304,39.16169124,2818,505,396,1068,1068,177,3214,0,12.32109521,165,33.22962041,33.22962041,15.71250778,5.507156192,blue
grid.8547.e,Fudan University,China,199,3206,204,7874,271,40.71628143,2649,443,557,893,752,561,3206,0,17.37367436,114,23.45601996,27.85402371,13.81784155,17.49844042,blue
grid.267309.9,The University of Texas Health Science Center at San Antonio,United States,200,3198,194,8121,298,39.37938678,2701,499,497,942,996,264,3198,0,15.5409631,132,31.14446529,29.45590994,15.60350219,8.255159475,blue
grid.417730.6,United States Air Force Research Laboratory,United States,201,3181,250,6261,107,50.80658042,0,0,0,0,0,0,0,0,0,201,0,0,0,0,blue
grid.240871.8,St. Jude Children's Research Hospital,United States,202,3176,261,5931,84,53.54914854,0,0,0,0,0,0,0,0,0,201,0,0,0,0,blue
grid.280062.e,Kaiser Permanente,United States,203,3167,216,7509,239,42.1760554,0,0,0,0,0,0,0,0,0,201,0,0,0,0,blue
grid.7700.0,Heidelberg University,Germany,204,3164,246,6312,114,50.12674271,0,0,0,0,0,0,0,0,0,201,0,0,0,0,blue
grid.31501.36,Seoul National University,South Korea,205,3155,203,7934,291,39.76556592,0,0,0,0,0,0,0,0,0,201,0,0,0,0,blue
grid.89170.37,United States Naval Research Laboratory,United States,206,3146,280,5717,75,55.02886129,0,0,0,0,0,0,0,0,0,201,0,0,0,0,blue
grid.413734.6,NewYorkâ€“Presbyterian Hospital,United States,207,3127,186,8530,352,36.65885111,0,0,0,0,0,0,0,0,0,201,0,0,0,0,blue
grid.4514.4,Lund University,Sweden,208,3110,243,6381,130,48.73844225,0,0,0,0,0,0,0,0,0,201,0,0,0,0,blue
grid.6936.a,Technical University of Munich,Germany,209,3100,219,7193,219,43.09745586,0,0,0,0,0,0,0,0,0,201,0,0,0,0,blue
grid.468198.a,Moffitt Cancer Center,United States,210,3075,191,8212,333,37.44520214,0,0,0,0,0,0,0,0,0,201,0,0,0,0,blue
grid.267315.4,The University of Texas at Arlington,United States,211,3055,189,8231,340,37.1157818,0,0,0,0,0,0,0,0,0,201,0,0,0,0,blue
grid.7836.a,University of Cape Town,South Africa,212,3014,281,5659,87,53.26029334,0,0,0,0,0,0,0,0,0,201,0,0,0,0,blue
grid.33647.35,Rensselaer Polytechnic Institute,United States,213,3013,276,5768,90,52.23647712,0,0,0,0,0,0,0,0,0,201,0,0,0,0,blue
grid.7400.3,University of Zurich,Switzerland,213,3013,220,7169,243,42.02817687,0,0,0,0,0,0,0,0,0,201,0,0,0,0,blue
grid.265008.9,Thomas Jefferson University,United States,215,3009,133,12556,450,23.96463842,0,0,0,0,0,0,0,0,0,201,0,0,0,0,blue
grid.420089.7,Eunice Kennedy Shriver National Institute of Child Health and Human Development,United States,216,3005,370,4062,19,73.9783358,0,0,0,0,0,0,0,0,0,201,0,0,0,0,blue
grid.53857.3c,Utah State University,United States,217,3001,214,7633,299,39.31612734,0,0,0,0,0,0,0,0,0,201,0,0,0,0,blue
grid.267301.1,University of Tennessee Health Science Center,United States,218,2990,174,9135,406,32.73125342,0,0,0,0,0,0,0,0,0,201,0,0,0,0,blue
grid.12981.33,Sun Yat-sen University,China,219,2976,195,8102,350,36.73167119,0,0,0,0,0,0,0,0,0,201,0,0,0,0,blue
grid.167436.1,University of New Hampshire,United States,220,2959,291,5518,82,53.62450163,0,0,0,0,0,0,0,0,0,201,0,0,0,0,blue
grid.57828.30,Nal Center for Atmospheric Research,United States,221,2944,395,3733,12,78.8641843,0,0,0,0,0,0,0,0,0,201,0,0,0,0,blue
grid.410425.6,City Of Hope National Medical Center,United States,222,2930,226,7022,252,41.72600399,0,0,0,0,0,0,0,0,0,201,0,0,0,0,blue
grid.5337.2,University of Bristol,United Kingdom,223,2927,271,5833,111,50.18001029,0,0,0,0,0,0,0,0,0,201,0,0,0,0,blue
grid.8993.b,Uppsala University,Sweden,224,2888,258,5976,137,48.32663989,0,0,0,0,0,0,0,0,0,201,0,0,0,0,blue
grid.215352.2,The University of Texas at San Antonio,United States,225,2879,208,7771,341,37.04799897,0,0,0,0,0,0,0,0,0,201,0,0,0,0,blue
grid.241054.6,University of Arkansas for Medical Sciences,United States,226,2849,193,8133,376,35.03012419,0,0,0,0,0,0,0,0,0,201,0,0,0,0,blue
grid.264484.8,Syracuse University,United States,227,2841,217,7335,311,38.73210634,0,0,0,0,0,0,0,0,0,201,0,0,0,0,blue
grid.411017.2,University of Arkansas at Fayetteville,United States,228,2837,206,7838,357,36.19545803,0,0,0,0,0,0,0,0,0,201,0,0,0,0,blue
grid.260120.7,Mississippi State University,United States,229,2816,201,8028,375,35.0772297,0,0,0,0,0,0,0,0,0,201,0,0,0,0,blue
grid.41891.35,Montana State University,United States,230,2810,329,4756,57,59.08326325,0,0,0,0,0,0,0,0,0,201,0,0,0,0,blue
grid.7841.a,Sapienza University of Rome,Italy,231,2809,225,7086,293,39.64154671,0,0,0,0,0,0,0,0,0,201,0,0,0,0,blue
grid.5510.1,University of Oslo,Norway,232,2790,249,6267,197,44.51890857,0,0,0,0,0,0,0,0,0,201,0,0,0,0,blue
grid.4280.e,National University of Singapore,Singapore,233,2778,197,8078,389,34.38970042,0,0,0,0,0,0,0,0,0,201,0,0,0,0,blue
grid.1003.2,University of Queensland,Australia,234,2762,177,8993,422,30.7127766,0,0,0,0,0,0,0,0,0,201,0,0,0,0,blue
grid.10548.38,Stockholm University,Sweden,235,2724,332,4732,61,57.56551141,0,0,0,0,0,0,0,0,0,201,0,0,0,0,blue
grid.265850.c,"University at Albany, State University of New York",United States,236,2713,235,6604,265,41.08116293,0,0,0,0,0,0,0,0,0,201,0,0,0,0,blue
grid.14848.31,University of Montreal,Canada,237,2711,236,6578,261,41.21313469,0,0,0,0,0,0,0,0,0,201,0,0,0,0,blue
grid.254549.b,Colorado School of Mines,United States,238,2694,275,5774,160,46.65742986,0,0,0,0,0,0,0,0,0,201,0,0,0,0,blue
grid.241116.1,University of Colorado Denver,United States,239,2638,202,7949,402,33.18656435,0,0,0,0,0,0,0,0,0,201,0,0,0,0,blue
grid.240741.4,Seattle Children's Hospital,United States,240,2633,253,6185,229,42.57073565,0,0,0,0,0,0,0,0,0,201,0,0,0,0,blue
grid.22072.35,University of Calgary,Canada,241,2631,179,8807,424,29.87396389,0,0,0,0,0,0,0,0,0,201,0,0,0,0,blue
grid.258799.8,Kyoto University,Japan,242,2613,299,5358,129,48.76819709,0,0,0,0,0,0,0,0,0,201,0,0,0,0,blue
grid.412016.0,University of Kansas Medical Center,United States,243,2606,230,6922,329,37.64807859,0,0,0,0,0,0,0,0,0,201,0,0,0,0,blue
grid.41156.37,Nanjing University,China,244,2604,273,5808,189,44.83471074,0,0,0,0,0,0,0,0,0,201,0,0,0,0,blue
grid.5608.b,University of Padua,Italy,245,2597,248,6276,259,41.37985978,0,0,0,0,0,0,0,0,0,201,0,0,0,0,blue
grid.33199.31,Huazhong University of Science and Technology,China,246,2579,224,7097,354,36.3392983,0,0,0,0,0,0,0,0,0,201,0,0,0,0,blue
grid.135963.b,University of Wyoming,United States,247,2577,257,6039,228,42.67262792,0,0,0,0,0,0,0,0,0,201,0,0,0,0,blue
grid.7177.6,University of Amsterdam,Netherlands,248,2570,237,6576,306,39.08150852,0,0,0,0,0,0,0,0,0,201,0,0,0,0,blue
grid.8756.c,University of Glasgow,United Kingdom,249,2562,277,5748,196,44.57202505,0,0,0,0,0,0,0,0,0,201,0,0,0,0,blue
grid.7737.4,University of Helsinki,Finland,250,2549,304,5226,128,48.775354,0,0,0,0,0,0,0,0,0,201,0,0,0,0,blue
grid.240684.c,Rush University Medical Center,United States,251,2540,156,10496,449,24.19969512,0,0,0,0,0,0,0,0,0,201,0,0,0,0,blue
grid.6572.6,University of Birmingham,United Kingdom,251,2540,290,5549,173,45.77401334,0,0,0,0,0,0,0,0,0,201,0,0,0,0,blue
grid.240324.3,New York University Langone Medical Center,United States,253,2531,166,9615,440,26.32345294,0,0,0,0,0,0,0,0,0,201,0,0,0,0,blue
grid.266456.5,University of Idaho,United States,254,2518,295,5476,167,45.98246896,0,0,0,0,0,0,0,0,0,201,0,0,0,0,blue
grid.420282.e,United States Army Research Laboratory,United States,255,2513,355,4469,67,56.2318192,0,0,0,0,0,0,0,0,0,201,0,0,0,0,blue
grid.418698.a,Environmental Protection Agency,United States,256,2506,401,3620,33,69.22651934,0,0,0,0,0,0,0,0,0,201,0,0,0,0,blue
grid.419635.c,National Institute of Diabetes and Digestive and Kidney Diseases,United States,257,2491,428,3254,16,76.55193608,0,0,0,0,0,0,0,0,0,201,0,0,0,0,blue
grid.11951.3d,University of the Witwatersrand,South Africa,258,2488,341,4627,81,53.77134212,0,0,0,0,0,0,0,0,0,201,0,0,0,0,blue
grid.9486.3,National Autonomous University of Mexico,Mexico,259,2484,294,5482,180,45.31192995,0,0,0,0,0,0,0,0,0,201,0,0,0,0,blue
grid.412689.0,University of Pittsburgh Medical Center,United States,260,2480,164,9798,443,25.31128802,0,0,0,0,0,0,0,0,0,201,0,0,0,0,blue
grid.20431.34,University of Rhode Island,United States,261,2476,296,5437,177,45.53981975,0,0,0,0,0,0,0,0,0,201,0,0,0,0,blue
grid.240344.5,Nationwide Children's Hospital,United States,262,2472,210,7726,412,31.99585814,0,0,0,0,0,0,0,0,0,201,0,0,0,0,blue
grid.6292.f,University of Bologna,Italy,262,2472,251,6247,294,39.57099408,0,0,0,0,0,0,0,0,0,201,0,0,0,0,blue
grid.410427.4,Augusta University,United States,264,2470,209,7759,413,31.83399923,0,0,0,0,0,0,0,0,0,201,0,0,0,0,blue
grid.253294.b,Brigham Young University,United States,265,2469,187,8292,425,29.77568741,0,0,0,0,0,0,0,0,0,201,0,0,0,0,blue
grid.5596.f,KU Leuven,Belgium,266,2460,221,7149,388,34.41040705,0,0,0,0,0,0,0,0,0,201,0,0,0,0,blue
grid.10025.36,University of Liverpool,United Kingdom,267,2452,310,5134,145,47.76003116,0,0,0,0,0,0,0,0,0,201,0,0,0,0,blue
grid.14476.30,Lomonosov Moscow State University,Russia,268,2447,368,4126,56,59.30683471,0,0,0,0,0,0,0,0,0,201,0,0,0,0,blue
grid.413575.1,Howard Hughes Medical Institute,United States,269,2440,374,3984,48,61.24497992,0,0,0,0,0,0,0,0,0,201,0,0,0,0,blue
grid.265436.0,Uniformed Services University of the Health Sciences,United States,270,2429,240,6523,337,37.23746742,0,0,0,0,0,0,0,0,0,201,0,0,0,0,blue
grid.262962.b,Saint Louis University,United States,271,2418,182,8708,437,27.76757005,0,0,0,0,0,0,0,0,0,201,0,0,0,0,blue
grid.5734.5,University of Bern,Switzerland,272,2415,286,5585,217,43.24082363,0,0,0,0,0,0,0,0,0,201,0,0,0,0,blue
grid.134907.8,Rockefeller University,United States,273,2403,378,3943,50,60.94344408,0,0,0,0,0,0,0,0,0,201,0,0,0,0,blue
grid.4491.8,Charles University,Czechia,274,2399,333,4720,106,50.82627119,0,0,0,0,0,0,0,0,0,201,0,0,0,0,blue
grid.266902.9,University of Oklahoma Health Sciences Center,United States,275,2360,289,5558,235,42.46131702,0,0,0,0,0,0,0,0,0,201,0,0,0,0,blue
grid.251313.7,University of Mississippi,United States,276,2358,239,6543,359,36.03851444,0,0,0,0,0,0,0,0,0,201,0,0,0,0,blue
grid.414179.e,Duke Medical Center,United States,277,2356,366,4212,71,55.9354226,0,0,0,0,0,0,0,0,0,201,0,0,0,0,blue
grid.280664.e,National Institute of Environmental Health Sciences,United States,278,2352,431,3146,18,74.76160203,0,0,0,0,0,0,0,0,0,201,0,0,0,0,blue
grid.253482.a,"The Graduate Center, CUNY",United States,279,2343,324,4808,131,48.7312812,0,0,0,0,0,0,0,0,0,201,0,0,0,0,blue
grid.8591.5,University of Geneva,Switzerland,280,2332,348,4545,99,51.30913091,0,0,0,0,0,0,0,0,0,201,0,0,0,0,blue
grid.417851.e,Fermilab,United States,281,2322,432,3005,15,77.27121464,0,0,0,0,0,0,0,0,0,201,0,0,0,0,blue
grid.239560.b,Childrenâ€™s National Health System,United States,282,2313,247,6293,349,36.75512474,0,0,0,0,0,0,0,0,0,201,0,0,0,0,blue
grid.5491.9,University of Southampton,United Kingdom,283,2293,331,4741,136,48.36532377,0,0,0,0,0,0,0,0,0,201,0,0,0,0,blue
grid.56466.37,Woods Hole Oceanographic Institution,United States,284,2278,420,3403,36,66.94093447,0,0,0,0,0,0,0,0,0,201,0,0,0,0,blue
grid.5333.6,Ã‰cole Polytechnique FÃ©dÃ©rale de Lausanne,Switzerland,285,2275,349,4537,113,50.14326648,0,0,0,0,0,0,0,0,0,201,0,0,0,0,blue
grid.410721.1,University of Mississippi Medical Center,United States,285,2275,301,5283,220,43.0626538,0,0,0,0,0,0,0,0,0,201,0,0,0,0,blue
grid.259029.5,Lehigh University,United States,287,2266,334,4714,141,48.06957997,0,0,0,0,0,0,0,0,0,201,0,0,0,0,blue
grid.62562.35,RTI International,United States,288,2265,391,3764,52,60.17534538,0,0,0,0,0,0,0,0,0,201,0,0,0,0,blue
grid.7048.b,Aarhus University,Denmark,289,2248,293,5486,266,40.97703245,0,0,0,0,0,0,0,0,0,201,0,0,0,0,blue
grid.4691.a,University of Naples Federico II,Italy,289,2248,325,4791,156,46.92131079,0,0,0,0,0,0,0,0,0,201,0,0,0,0,blue
grid.5477.1,Utrecht University,Netherlands,291,2232,298,5424,263,41.15044248,0,0,0,0,0,0,0,0,0,201,0,0,0,0,blue
grid.419075.e,Ames Research Center,United States,292,2227,372,4019,74,55.41179398,0,0,0,0,0,0,0,0,0,201,0,0,0,0,blue
grid.4830.f,University of Groningen,Netherlands,293,2214,314,5048,205,43.85895404,0,0,0,0,0,0,0,0,0,201,0,0,0,0,blue
grid.9132.9,European Organization for Nuclear Research,Switzerland,294,2199,215,7522,429,29.23424621,0,0,0,0,0,0,0,0,0,201,0,0,0,0,blue
grid.266869.5,University of North Texas,United States,295,2196,190,8230,438,26.68286756,0,0,0,0,0,0,0,0,0,201,0,0,0,0,blue
grid.260128.f,Missouri University of Science and Technology,United States,296,2181,284,5640,313,38.67021277,0,0,0,0,0,0,0,0,0,201,0,0,0,0,blue
grid.19188.39,National Taiwan University,Taiwan,297,2179,315,5010,213,43.49301397,0,0,0,0,0,0,0,0,0,201,0,0,0,0,blue
grid.5342.0,Ghent University,Belgium,298,2156,300,5337,277,40.39722691,0,0,0,0,0,0,0,0,0,201,0,0,0,0,blue
grid.261120.6,Northern Arizona University,United States,299,2152,336,4693,171,45.85552951,0,0,0,0,0,0,0,0,0,201,0,0,0,0,blue
grid.208078.5,University of Connecticut Health Center,United States,300,2150,252,6207,384,34.63831158,0,0,0,0,0,0,0,0,0,201,0,0,0,0,blue
grid.24805.3b,New Mexico State University,United States,301,2144,316,4979,221,43.06085559,0,0,0,0,0,0,0,0,0,201,0,0,0,0,blue
grid.1001.0,Australian National University,Australia,302,2141,330,4743,183,45.14020662,0,0,0,0,0,0,0,0,0,201,0,0,0,0,blue
grid.416975.8,Texas Children's Hospital,United States,303,2135,238,6547,408,32.61035589,0,0,0,0,0,0,0,0,0,201,0,0,0,0,blue
grid.417467.7,Mayo Clinic,United States,304,2130,17,48179,454,4.421013305,11499,0,0,0,0,0,0,0,0,201,0,0,0,0,blue
grid.10388.32,University of Bonn,Germany,305,2108,379,3939,85,53.51612084,0,0,0,0,0,0,0,0,0,201,0,0,0,0,blue
grid.240614.5,Roswell Park Comprehensive Cancer Center,United States,306,2100,361,4258,121,49.31892907,0,0,0,0,0,0,0,0,0,201,0,0,0,0,blue
grid.5216.0,National and Kapodistrian University of Athens,Greece,307,2093,297,5427,316,38.56642712,0,0,0,0,0,0,0,0,0,201,0,0,0,0,blue
grid.7605.4,University of Turin,Italy,308,2091,340,4631,182,45.15223494,0,0,0,0,0,0,0,0,0,201,0,0,0,0,blue
grid.27255.37,Shandong University,China,309,2068,317,4949,248,41.78621944,0,0,0,0,0,0,0,0,0,201,0,0,0,0,blue
grid.266859.6,University of North Carolina at Charlotte,United States,310,2061,228,6969,426,29.57382695,0,0,0,0,0,0,0,0,0,201,0,0,0,0,blue
grid.194645.b,University of Hong Kong,China,311,2052,265,5889,380,34.84462557,0,0,0,0,0,0,0,0,0,201,0,0,0,0,blue
grid.216417.7,Central South University,China,312,2047,282,5657,358,36.1852572,0,0,0,0,0,0,0,0,0,201,0,0,0,0,blue
grid.267324.6,The University of Texas at El Paso,United States,313,2043,306,5214,303,39.18296893,0,0,0,0,0,0,0,0,0,201,0,0,0,0,blue
grid.30389.31,University of California System,United States,314,2038,356,4424,164,46.06690778,0,0,0,0,0,0,0,0,0,201,0,0,0,0,blue
grid.21106.34,University of Maine,United States,315,2029,390,3770,80,53.81962865,0,0,0,0,0,0,0,0,0,201,0,0,0,0,blue
grid.13992.30,Weizmann Institute of Science,Israel,316,2025,456,0,456,0,0,0,0,0,0,0,0,0,0,201,0,0,0,0,blue
grid.10784.3a,Chinese University of Hong Kong,China,317,2021,266,5873,387,34.41171463,0,0,0,0,0,0,0,0,0,201,0,0,0,0,blue
grid.7683.a,Deutsches Elektronen-Synchrotron DESY,Germany,318,2018,456,0,456,0,0,0,0,0,0,0,0,0,0,201,0,0,0,0,blue
grid.260896.3,New Jersey Institute of Technology,United States,319,2015,326,4785,242,42.1107628,0,0,0,0,0,0,0,0,0,201,0,0,0,0,blue
grid.9227.e,Chinese Academy of Sciences,China,320,2013,244,6374,418,31.58142454,0,0,0,0,0,0,0,0,0,201,0,0,0,0,blue
grid.257410.5,Indiana University,United States,321,2006,283,5656,367,35.46676096,0,0,0,0,0,0,0,0,0,201,0,0,0,0,blue
grid.7914.b,University of Bergen,Norway,322,1996,393,3752,88,53.19829424,0,0,0,0,0,0,0,0,0,201,0,0,0,0,blue
grid.280747.e,VA Palo Alto Health Care System,United States,323,1993,407,3540,66,56.29943503,0,0,0,0,0,0,0,0,0,201,0,0,0,0,blue
grid.70738.3b,University of Alaska Fairbanks,United States,324,1992,424,3330,55,59.81981982,0,0,0,0,0,0,0,0,0,201,0,0,0,0,blue
grid.15444.30,Yonsei University,South Korea,325,1990,263,5927,398,33.5751645,0,0,0,0,0,0,0,0,0,201,0,0,0,0,blue
grid.5590.9,Radboud University Nijmegen,Netherlands,326,1979,402,3615,76,54.74412172,0,0,0,0,0,0,0,0,0,201,0,0,0,0,blue
grid.266096.d,"University of California, Merced",United States,327,1973,365,4222,159,46.73140692,0,0,0,0,0,0,0,0,0,201,0,0,0,0,blue
grid.25073.33,McMaster University,Canada,328,1968,207,7790,444,25.26315789,0,0,0,0,0,0,0,0,0,201,0,0,0,0,blue
grid.267468.9,University of Wisconsinâ€“Milwaukee,United States,329,1963,256,6122,411,32.06468474,0,0,0,0,0,0,0,0,0,201,0,0,0,0,blue
grid.136593.b,Osaka University,Japan,330,1962,375,3970,119,49.42065491,0,0,0,0,0,0,0,0,0,201,0,0,0,0,blue
grid.43169.39,Xi'an Jiaotong University,China,330,1962,270,5839,397,33.60164412,0,0,0,0,0,0,0,0,0,201,0,0,0,0,blue
grid.253264.4,Brandeis University,United States,332,1959,409,3517,73,55.70088143,0,0,0,0,0,0,0,0,0,201,0,0,0,0,blue
grid.261055.5,North Dakota State University,United States,333,1953,302,5272,342,37.0447648,0,0,0,0,0,0,0,0,0,201,0,0,0,0,blue
grid.7372.1,University of Warwick,United Kingdom,334,1948,382,3911,115,49.80823319,0,0,0,0,0,0,0,0,0,201,0,0,0,0,blue
grid.412332.5,The Ohio State University Wexner Medical Center,United States,335,1937,205,7857,447,24.65317551,0,0,0,0,0,0,0,0,0,201,0,0,0,0,blue
grid.508487.6,University of Paris,France,336,1930,308,5155,334,37.43937924,0,0,0,0,0,0,0,0,0,201,0,0,0,0,blue
grid.254250.4,City College of New York,United States,337,1927,394,3734,97,51.60685592,0,0,0,0,0,0,0,0,0,201,0,0,0,0,blue
grid.419475.a,National Institute on Aging,United States,338,1920,435,2889,39,66.45898235,0,0,0,0,0,0,0,0,0,201,0,0,0,0,blue
grid.252890.4,Baylor University,United States,339,1919,259,5948,410,32.26294553,0,0,0,0,0,0,0,0,0,201,0,0,0,0,blue
grid.27476.30,Nagoya University,Japan,340,1914,419,3408,68,56.16197183,0,0,0,0,0,0,0,0,0,201,0,0,0,0,blue
grid.416870.c,National Institute of Neurological Disorders and Stroke,United States,341,1913,439,2762,32,69.26140478,0,0,0,0,0,0,0,0,0,201,0,0,0,0,blue
grid.8991.9,London School of Hygiene & Tropical Medicine,United Kingdom,342,1908,321,4861,300,39.25118288,0,0,0,0,0,0,0,0,0,201,0,0,0,0,blue
grid.4868.2,Queen Mary University of London,United Kingdom,343,1907,335,4699,273,40.58310279,0,0,0,0,0,0,0,0,0,201,0,0,0,0,blue
grid.7892.4,Karlsruhe Institute of Technology,Germany,344,1906,425,3326,62,57.30607336,0,0,0,0,0,0,0,0,0,201,0,0,0,0,blue
grid.222754.4,Korea University,South Korea,345,1900,354,4479,236,42.42018308,0,0,0,0,0,0,0,0,0,201,0,0,0,0,blue
grid.267337.4,University of Toledo,United States,346,1898,272,5824,409,32.58928571,0,0,0,0,0,0,0,0,0,201,0,0,0,0,blue
grid.410370.1,VA Boston Healthcare System,United States,346,1898,429,3251,60,58.3820363,0,0,0,0,0,0,0,0,0,201,0,0,0,0,blue
grid.5645.2,Erasmus MC,Netherlands,348,1890,274,5788,407,32.65376641,0,0,0,0,0,0,0,0,0,201,0,0,0,0,blue
grid.4708.b,University of Milan,Italy,349,1888,285,5617,396,33.61224853,0,0,0,0,0,0,0,0,0,201,0,0,0,0,blue
grid.261368.8,Old Dominion University,United States,350,1886,262,5929,414,31.80974869,0,0,0,0,0,0,0,0,0,201,0,0,0,0,blue
grid.416868.5,National Institute of Mental Health,United States,351,1882,433,3003,44,62.67066267,0,0,0,0,0,0,0,0,0,201,0,0,0,0,blue
grid.472551.0,US Forest Service,United States,352,1881,434,2978,43,63.16319678,0,0,0,0,0,0,0,0,0,201,0,0,0,0,blue
grid.264889.9,William & Mary,United States,353,1878,387,3803,120,49.38206679,0,0,0,0,0,0,0,0,0,201,0,0,0,0,blue
grid.64939.31,Beihang University,China,354,1877,359,4264,203,44.01969981,0,0,0,0,0,0,0,0,0,201,0,0,0,0,blue
grid.253613.0,University of Montana,United States,355,1869,423,3341,70,55.94133493,0,0,0,0,0,0,0,0,0,201,0,0,0,0,blue
grid.6451.6,Technion â€“ Israel Institute of Technology,Israel,356,1858,397,3643,103,51.00192149,0,0,0,0,0,0,0,0,0,201,0,0,0,0,blue
grid.33762.33,Joint Institute for Nuclear Research,Russia,357,1852,456,0,456,0,0,0,0,0,0,0,0,0,0,201,0,0,0,0,blue
grid.5515.4,Autonomous University of Madrid,Spain,358,1845,456,0,456,0,0,0,0,0,0,0,0,0,0,201,0,0,0,0,blue
grid.5802.f,Johannes Gutenberg University of Mainz,Germany,359,1842,407,3540,93,52.03389831,0,0,0,0,0,0,0,0,0,201,0,0,0,0,blue
grid.419446.a,Space Telescope Science Institute,United States,360,1841,438,2791,40,65.96202078,0,0,0,0,0,0,0,0,0,201,0,0,0,0,blue
grid.11835.3e,University of Sheffield,United Kingdom,361,1840,367,4141,198,44.43371166,0,0,0,0,0,0,0,0,0,201,0,0,0,0,blue
grid.7870.8,Pontificia Universidad CatÃ³lica de Chile,Chile,362,1836,385,3848,148,47.71309771,0,0,0,0,0,0,0,0,0,201,0,0,0,0,blue
grid.262613.2,Rochester Institute of Technology,United States,363,1831,346,4567,284,40.09196409,0,0,0,0,0,0,0,0,0,201,0,0,0,0,blue
grid.418021.e,Frederick National Laboratory for Cancer Research,United States,364,1830,451,2164,3,84.56561922,0,0,0,0,0,0,0,0,0,201,0,0,0,0,blue
grid.259979.9,Michigan Technological University,United States,365,1828,341,4627,295,39.50724011,0,0,0,0,0,0,0,0,0,201,0,0,0,0,blue
grid.76978.37,Rutherford Appleton Laboratory,United Kingdom,366,1826,456,0,456,0,0,0,0,0,0,0,0,0,0,201,0,0,0,0,blue
grid.264381.a,Sungkyunkwan University,South Korea,366,1826,338,4657,302,39.20979171,0,0,0,0,0,0,0,0,0,201,0,0,0,0,blue
grid.13291.38,Sichuan University,China,368,1824,309,5152,368,35.40372671,0,0,0,0,0,0,0,0,0,201,0,0,0,0,blue
grid.49470.3e,Wuhan University,China,369,1823,311,5132,364,35.52221356,0,0,0,0,0,0,0,0,0,201,0,0,0,0,blue
grid.272362.0,"University of Nevada, Las Vegas",United States,370,1813,227,6982,442,25.9667717,0,0,0,0,0,0,0,0,0,201,0,0,0,0,blue
grid.5395.a,University of Pisa,Italy,370,1813,405,3593,108,50.45922627,0,0,0,0,0,0,0,0,0,201,0,0,0,0,blue
grid.164971.c,Loyola University Chicago,United States,372,1811,278,5731,417,31.6000698,0,0,0,0,0,0,0,0,0,201,0,0,0,0,blue
grid.20627.31,Ohio University,United States,372,1811,279,5729,416,31.61110141,0,0,0,0,0,0,0,0,0,201,0,0,0,0,blue
grid.264260.4,Binghamton University,United States,374,1807,327,4784,327,37.77173913,0,0,0,0,0,0,0,0,0,201,0,0,0,0,blue
grid.463190.9,National Laboratory of Frascati,Italy,375,1801,456,0,456,0,0,0,0,0,0,0,0,0,0,201,0,0,0,0,blue
grid.410371.0,VA San Diego Healthcare System,United States,376,1800,441,2666,34,67.51687922,0,0,0,0,0,0,0,0,0,201,0,0,0,0,blue
grid.5132.5,Leiden University,Netherlands,377,1798,388,3788,151,47.4656811,0,0,0,0,0,0,0,0,0,201,0,0,0,0,blue
grid.412590.b,Michigan Medicine,United States,378,1796,267,5866,423,30.61711558,0,0,0,0,0,0,0,0,0,201,0,0,0,0,blue
grid.418741.f,Institute of High Energy Physics,China,379,1790,456,0,456,0,0,0,0,0,0,0,0,0,0,201,0,0,0,0,blue
grid.9654.e,University of Auckland,New Zealand,380,1788,353,4486,289,39.85733393,0,0,0,0,0,0,0,0,0,201,0,0,0,0,blue
grid.1010.0,University of Adelaide,Australia,381,1781,363,4228,240,42.12393567,0,0,0,0,0,0,0,0,0,201,0,0,0,0,blue
grid.462844.8,Sorbonne University,France,382,1774,362,4230,245,41.93853428,0,0,0,0,0,0,0,0,0,201,0,0,0,0,blue
grid.5841.8,University of Barcelona,Spain,383,1767,343,4608,318,38.34635417,0,0,0,0,0,0,0,0,0,201,0,0,0,0,blue
grid.417587.8,United States Food and Drug Administration,United States,384,1766,404,3598,124,49.08282379,0,0,0,0,0,0,0,0,0,201,0,0,0,0,blue
grid.9619.7,Hebrew University of Jerusalem,Israel,385,1764,360,4259,257,41.41817328,0,0,0,0,0,0,0,0,0,201,0,0,0,0,blue
grid.1957.a,RWTH Aachen University,Germany,386,1754,418,3444,104,50.92915215,0,0,0,0,0,0,0,0,0,201,0,0,0,0,blue
grid.474430.0,Johns Hopkins University Applied Physics Laboratory,United States,387,1749,437,2856,49,61.2394958,0,0,0,0,0,0,0,0,0,201,0,0,0,0,blue
grid.263864.d,Southern Methodist University,United States,388,1744,371,4029,214,43.28617523,0,0,0,0,0,0,0,0,0,201,0,0,0,0,blue
grid.208226.c,Boston College,United States,389,1739,292,5510,419,31.56079855,0,0,0,0,0,0,0,0,0,201,0,0,0,0,blue
grid.42327.30,Hospital for Sick Children,Canada,389,1739,337,4661,335,37.30959022,0,0,0,0,0,0,0,0,0,201,0,0,0,0,blue
grid.39381.30,Western University,Canada,391,1736,259,5948,430,29.1862811,0,0,0,0,0,0,0,0,0,201,0,0,0,0,blue
grid.9026.d,UniversitÃ¤t Hamburg,Germany,392,1730,456,0,456,0,0,0,0,0,0,0,0,0,0,201,0,0,0,0,blue
grid.240473.6,Penn State Milton S. Hershey Medical Center,United States,393,1728,241,6481,439,26.66255208,0,0,0,0,0,0,0,0,0,201,0,0,0,0,blue
grid.212340.6,City University of New York,United States,394,1727,318,4931,377,35.02332184,0,0,0,0,0,0,0,0,0,201,0,0,0,0,blue
grid.4488.0,TU Dresden,Germany,394,1727,398,3642,152,47.41900055,0,0,0,0,0,0,0,0,0,201,0,0,0,0,blue
grid.5600.3,Cardiff University,United Kingdom,396,1723,379,3939,209,43.74206651,0,0,0,0,0,0,0,0,0,201,0,0,0,0,blue
grid.62813.3e,Illinois Institute of Technology,United States,397,1705,363,4228,279,40.32639546,0,0,0,0,0,0,0,0,0,201,0,0,0,0,blue
grid.183446.c,Moscow Engineering Physics Institute,Russia,397,1705,456,0,456,0,0,0,0,0,0,0,0,0,0,201,0,0,0,0,blue
grid.67033.31,Tufts Medical Center,United States,399,1704,268,5865,431,29.05370844,0,0,0,0,0,0,0,0,0,201,0,0,0,0,blue
grid.46078.3d,University of Waterloo,Canada,400,1699,319,4920,386,34.53252033,0,0,0,0,0,0,0,0,0,201,0,0,0,0,blue
grid.69566.3a,Tohoku University,Japan,401,1698,416,3474,126,48.87737478,0,0,0,0,0,0,0,0,0,201,0,0,0,0,blue
grid.266673.0,"University of Maryland, Baltimore County",United States,402,1692,414,3489,134,48.49527085,0,0,0,0,0,0,0,0,0,201,0,0,0,0,blue
grid.473157.3,Lamont-Doherty Earth Observatory,United States,403,1688,442,2652,41,63.65007541,0,0,0,0,0,0,0,0,0,201,0,0,0,0,blue
grid.413808.6,Lurie Children's Hospital,United States,404,1684,323,4817,378,34.95951837,0,0,0,0,0,0,0,0,0,201,0,0,0,0,blue
grid.258518.3,Kent State University,United States,405,1656,269,5844,433,28.33675565,0,0,0,0,0,0,0,0,0,201,0,0,0,0,blue
grid.5963.9,University of Freiburg,Germany,406,1649,422,3352,123,49.19451074,0,0,0,0,0,0,0,0,0,201,0,0,0,0,blue
grid.5606.5,University of Genoa,Italy,407,1648,456,0,456,0,0,0,0,0,0,0,0,0,0,201,0,0,0,0,blue
grid.240283.f,Montefiore Medical Center,United States,408,1647,223,7119,452,23.13527181,0,0,0,0,0,0,0,0,0,201,0,0,0,0,blue
grid.225262.3,University of Massachusetts Lowell,United States,409,1641,358,4306,320,38.10961449,0,0,0,0,0,0,0,0,0,201,0,0,0,0,blue
grid.143640.4,University of Victoria,Canada,410,1640,456,0,456,0,0,0,0,0,0,0,0,0,0,201,0,0,0,0,blue
grid.63368.38,Houston Methodist,United States,411,1636,229,6927,451,23.61772773,0,0,0,0,0,0,0,0,0,201,0,0,0,0,blue
grid.417824.c,Idaho National Laboratory,United States,412,1635,447,2328,26,70.23195876,0,0,0,0,0,0,0,0,0,201,0,0,0,0,blue
grid.262075.4,Portland State University,United States,412,1635,339,4636,372,35.26747196,0,0,0,0,0,0,0,0,0,201,0,0,0,0,blue
grid.8761.8,University of Gothenburg,Sweden,414,1634,351,4510,355,36.23059867,0,0,0,0,0,0,0,0,0,201,0,0,0,0,blue
grid.5170.3,Technical University of Denmark,Denmark,415,1633,415,3476,155,46.97928654,0,0,0,0,0,0,0,0,0,201,0,0,0,0,blue
grid.9983.b,University of Lisbon,Portugal,416,1628,384,3865,241,42.12160414,0,0,0,0,0,0,0,0,0,201,0,0,0,0,blue
grid.239546.f,Children's Hospital of Los Angeles,United States,417,1625,349,4537,363,35.81661891,0,0,0,0,0,0,0,0,0,201,0,0,0,0,blue
grid.34474.30,RAND Corporation,United States,418,1624,440,2680,51,60.59701493,0,0,0,0,0,0,0,0,0,201,0,0,0,0,blue
grid.61971.38,Simon Fraser University,Canada,419,1617,392,3762,224,42.98245614,0,0,0,0,0,0,0,0,0,201,0,0,0,0,blue
grid.9909.9,University of Leeds,United Kingdom,419,1617,352,4506,362,35.88548602,0,0,0,0,0,0,0,0,0,201,0,0,0,0,blue
grid.217200.6,Scripps Institution of Oceanography,United States,421,1613,436,2888,72,55.85180055,0,0,0,0,0,0,0,0,0,201,0,0,0,0,blue
grid.59025.3b,Nanyang Technological University,Singapore,422,1605,312,5105,420,31.43976494,0,0,0,0,0,0,0,0,0,201,0,0,0,0,blue
grid.470218.8,INFN Sezione di Roma I,Italy,423,1604,456,0,456,0,0,0,0,0,0,0,0,0,0,201,0,0,0,0,blue
grid.411087.b,State University of Campinas,Brazil,423,1604,383,3892,262,41.21274409,0,0,0,0,0,0,0,0,0,201,0,0,0,0,blue
grid.410305.3,National Institutes of Health Clinical Center,United States,425,1596,450,2187,23,72.97668038,0,0,0,0,0,0,0,0,0,201,0,0,0,0,blue
grid.24516.34,Tongji University,China,426,1587,288,5571,432,28.48680668,0,0,0,0,0,0,0,0,0,201,0,0,0,0,blue
grid.10392.39,University of TÃ¼bingen,Germany,427,1581,403,3611,208,43.78288563,0,0,0,0,0,0,0,0,0,201,0,0,0,0,blue
grid.1012.2,University of Western Australia,Australia,428,1576,347,4559,385,34.56898443,0,0,0,0,0,0,0,0,0,201,0,0,0,0,blue
grid.6363.0,CharitÃ© - University Medicine Berlin,Germany,429,1572,287,5584,434,28.15186246,0,0,0,0,0,0,0,0,0,201,0,0,0,0,blue
grid.255364.3,East Carolina University,United States,430,1563,245,6319,445,24.73492641,0,0,0,0,0,0,0,0,0,201,0,0,0,0,blue
grid.7692.a,University Medical Center Utrecht,Netherlands,431,1562,344,4602,392,33.94176445,0,0,0,0,0,0,0,0,0,201,0,0,0,0,blue
grid.470211.1,INFN Sezione di Napoli,Italy,432,1561,456,0,456,0,0,0,0,0,0,0,0,0,0,201,0,0,0,0,blue
grid.28046.38,University of Ottawa,Canada,433,1552,264,5911,441,26.25613263,0,0,0,0,0,0,0,0,0,201,0,0,0,0,blue
grid.280128.1,National Human Genome Research Institute,United States,434,1547,449,2193,25,70.54263566,0,0,0,0,0,0,0,0,0,201,0,0,0,0,blue
grid.430219.d,Petersburg Nuclear Physics Institute,Russia,435,1545,456,0,456,0,0,0,0,0,0,0,0,0,0,201,0,0,0,0,blue
grid.7886.1,University College Dublin,Ireland,436,1537,413,3500,204,43.91428571,0,0,0,0,0,0,0,0,0,201,0,0,0,0,blue
grid.7468.d,Humboldt-UniversitÃ¤t zu Berlin,Germany,437,1535,456,0,456,0,0,0,0,0,0,0,0,0,0,201,0,0,0,0,blue
grid.4444.0,French National Centre for Scientific Research,France,438,1520,426,3306,168,45.97701149,0,0,0,0,0,0,0,0,0,201,0,0,0,0,blue
grid.470193.8,INFN Sezione di Bologna,Italy,439,1519,456,0,456,0,0,0,0,0,0,0,0,0,0,201,0,0,0,0,blue
grid.8391.3,University of Exeter,United Kingdom,439,1519,386,3804,286,39.93165089,0,0,0,0,0,0,0,0,0,201,0,0,0,0,blue
grid.464551.7,Cooperative Institute for Research in Environmental Sciences,United States,441,1517,445,2424,46,62.58250825,0,0,0,0,0,0,0,0,0,201,0,0,0,0,blue
grid.265881.0,University of Akron,United States,442,1514,373,4002,324,37.83108446,0,0,0,0,0,0,0,0,0,201,0,0,0,0,blue
grid.255951.f,Florida Atlantic University,United States,443,1510,254,6171,448,24.46929185,0,0,0,0,0,0,0,0,0,201,0,0,0,0,blue
grid.413480.a,Dartmouthâ€“Hitchcock Medical Center,United States,444,1504,345,4573,405,32.88869451,0,0,0,0,0,0,0,0,0,201,0,0,0,0,blue
grid.8536.8,Federal University of Rio de Janeiro,Brazil,445,1503,417,3451,212,43.55259345,0,0,0,0,0,0,0,0,0,201,0,0,0,0,blue
grid.4989.c,UniversitÃ© Libre de Bruxelles,Belgium,446,1500,456,0,456,0,0,0,0,0,0,0,0,0,0,201,0,0,0,0,blue
grid.201894.6,Southwest Research Institute,United States,447,1490,444,2479,53,60.104881,0,0,0,0,0,0,0,0,0,201,0,0,0,0,blue
grid.7450.6,University of GÃ¶ttingen,Germany,448,1482,456,0,456,0,0,0,0,0,0,0,0,0,0,201,0,0,0,0,blue
grid.470205.4,INFN Sezione di Genova,Italy,449,1476,456,0,456,0,0,0,0,0,0,0,0,0,0,201,0,0,0,0,blue
grid.268323.e,Worcester Polytechnic Institute,United States,450,1472,406,3578,264,41.14030184,0,0,0,0,0,0,0,0,0,201,0,0,0,0,blue
grid.457342.3,Institut de Recherche sur les Lois Fondamentales de l'Univers,France,451,1468,456,0,456,0,0,0,0,0,0,0,0,0,0,201,0,0,0,0,blue
grid.21626.31,Institute for Theoretical and Experimental Physics,Russia,451,1468,456,0,456,0,0,0,0,0,0,0,0,0,0,201,0,0,0,0,blue
grid.5330.5,University of Erlangen-Nuremberg,Germany,453,1466,412,3501,247,41.87375036,0,0,0,0,0,0,0,0,0,201,0,0,0,0,blue
grid.12955.3a,Xiamen University,China,454,1464,389,3778,310,38.75066173,0,0,0,0,0,0,0,0,0,201,0,0,0,0,blue
grid.12847.38,University of Warsaw,Poland,455,1458,456,0,456,0,0,0,0,0,0,0,0,0,0,201,0,0,0,0,blue
grid.281208.1,VA Connecticut Healthcare System,United States,455,1458,448,2295,42,63.52941176,0,0,0,0,0,0,0,0,0,201,0,0,0,0,blue
grid.32197.3e,Tokyo Institute of Technology,Japan,457,1440,456,0,456,0,0,0,0,0,0,0,0,0,0,201,0,0,0,0,blue
grid.430264.7,Simons Foundation,United States,458,1434,446,2340,47,61.28205128,0,0,0,0,0,0,0,0,0,201,0,0,0,0,blue
grid.5037.1,Royal Institute of Technology,Sweden,459,1433,456,0,456,0,0,0,0,0,0,0,0,0,0,201,0,0,0,0,blue
grid.39936.36,Catholic University of America,United States,460,1426,443,2616,77,54.51070336,0,0,0,0,0,0,0,0,0,201,0,0,0,0,blue
grid.470216.6,INFN Sezione di Pisa,Italy,461,1416,456,0,456,0,0,0,0,0,0,0,0,0,0,201,0,0,0,0,blue
grid.263791.8,South Dakota State University,United States,462,1407,427,3279,226,42.9094236,0,0,0,0,0,0,0,0,0,201,0,0,0,0,blue
grid.7149.b,University of Belgrade,Serbia,463,1404,456,0,456,0,0,0,0,0,0,0,0,0,0,201,0,0,0,0,blue
grid.420090.f,National Institute on Drug Abuse,United States,464,1401,454,1852,17,75.64794816,0,0,0,0,0,0,0,0,0,201,0,0,0,0,blue
grid.443909.3,University of Chile,Chile,465,1399,456,0,456,0,0,0,0,0,0,0,0,0,0,201,0,0,0,0,blue
grid.410547.3,Oak Ridge Associated Universities,United States,466,1391,453,1987,27,70.00503271,0,0,0,0,0,0,0,0,0,201,0,0,0,0,blue
grid.411667.3,Georgetown University Medical Center,United States,467,1390,452,2080,37,66.82692308,0,0,0,0,0,0,0,0,0,201,0,0,0,0,blue
grid.8404.8,University of Florence,Italy,468,1388,410,3514,296,39.49914627,0,0,0,0,0,0,0,0,0,201,0,0,0,0,blue
grid.10419.3d,Leiden University Medical Center,Netherlands,469,1386,369,4111,394,33.71442471,0,0,0,0,0,0,0,0,0,201,0,0,0,0,blue
grid.470222.1,INFN Sezione di Torino,Italy,470,1384,456,0,456,0,0,0,0,0,0,0,0,0,0,201,0,0,0,0,blue
grid.10417.33,Radboud University Nijmegen Medical Centre,Netherlands,471,1375,396,3715,343,37.01211306,0,0,0,0,0,0,0,0,0,201,0,0,0,0,blue
grid.470223.0,INFN Sezione di Trieste,Italy,472,1372,456,0,456,0,0,0,0,0,0,0,0,0,0,201,0,0,0,0,blue
grid.56061.34,University of Memphis,United States,473,1366,322,4857,435,28.1243566,0,0,0,0,0,0,0,0,0,201,0,0,0,0,blue
grid.184764.8,Boise State University,United States,474,1362,421,3392,282,40.15330189,0,0,0,0,0,0,0,0,0,201,0,0,0,0,blue
grid.425806.d,P.N. Lebedev Physical Institute of the Russian Academy of Sciences,Russia,475,1348,456,0,456,0,0,0,0,0,0,0,0,0,0,201,0,0,0,0,blue
grid.177174.3,Kyushu University,Japan,476,1345,456,0,456,0,0,0,0,0,0,0,0,0,0,201,0,0,0,0,blue
grid.481548.4,National High Magnetic Field Laboratory,United States,476,1345,455,1555,2,86.49517685,0,0,0,0,0,0,0,0,0,201,0,0,0,0,blue
grid.9835.7,Lancaster University,United Kingdom,478,1340,456,0,456,0,0,0,0,0,0,0,0,0,0,201,0,0,0,0,blue
grid.7489.2,Ben-Gurion University of the Negev,Israel,479,1337,430,3209,253,41.6640698,0,0,0,0,0,0,0,0,0,201,0,0,0,0,blue
grid.5284.b,University of Antwerp,Belgium,479,1337,456,0,456,0,0,0,0,0,0,0,0,0,0,201,0,0,0,0,blue
grid.49606.3d,Hanyang University,South Korea,481,1328,456,0,456,0,0,0,0,0,0,0,0,0,0,201,0,0,0,0,blue
grid.429508.2,Max Planck Institute for Astronomy,Germany,482,1321,456,0,456,0,0,0,0,0,0,0,0,0,0,201,0,0,0,0,blue
grid.5991.4,Paul Scherrer Institute,Switzerland,483,1320,456,0,456,0,0,0,0,0,0,0,0,0,0,201,0,0,0,0,blue
grid.4494.d,University Medical Center Groningen,Netherlands,484,1319,376,3965,400,33.26607818,0,0,0,0,0,0,0,0,0,201,0,0,0,0,blue
grid.263761.7,Soochow University,China,485,1316,456,0,456,0,0,0,0,0,0,0,0,0,0,201,0,0,0,0,blue
grid.21613.37,University of Manitoba,Canada,485,1316,377,3948,399,33.33333333,0,0,0,0,0,0,0,0,0,201,0,0,0,0,blue
grid.20515.33,University of Tsukuba,Japan,487,1314,456,0,456,0,0,0,0,0,0,0,0,0,0,201,0,0,0,0,blue
grid.5949.1,University of MÃ¼nster,Germany,488,1310,456,0,456,0,0,0,0,0,0,0,0,0,0,201,0,0,0,0,blue
grid.1006.7,Newcastle University,United Kingdom,489,1306,399,3633,361,35.94825213,0,0,0,0,0,0,0,0,0,201,0,0,0,0,blue
grid.5842.b,University of Paris-Sud,France,489,1306,456,0,456,0,0,0,0,0,0,0,0,0,0,201,0,0,0,0,blue
grid.20513.35,Beijing Normal University,China,491,1300,381,3933,403,33.05364861,0,0,0,0,0,0,0,0,0,201,0,0,0,0,blue
grid.417468.8,Mayo Clinic,United States,492,1299,17,48179,455,2.696195438,11499,0,0,0,0,0,0,0,0,201,0,0,0,0,blue
grid.6530.0,University of Rome Tor Vergata,Italy,493,1298,456,0,456,0,0,0,0,0,0,0,0,0,0,201,0,0,0,0,blue
grid.6190.e,University of Cologne,Germany,494,1295,456,0,456,0,0,0,0,0,0,0,0,0,0,201,0,0,0,0,blue
grid.12380.38,Vrije Universiteit Amsterdam,Netherlands,494,1295,411,3506,345,36.93667998,0,0,0,0,0,0,0,0,0,201,0,0,0,0,blue
grid.425902.8,InstituciÃ³ Catalana de Recerca i Estudis AvanÃ§ats,Spain,496,1291,456,0,456,0,0,0,0,0,0,0,0,0,0,201,0,0,0,0,blue
grid.11194.3c,Makerere University,Uganda,497,1289,456,0,456,0,0,0,0,0,0,0,0,0,0,201,0,0,0,0,blue
grid.6612.3,University of Basel,Switzerland,497,1289,400,3631,365,35.4998623,0,0,0,0,0,0,0,0,0,201,0,0,0,0,blue
grid.266756.6,University of Missouriâ€“Kansas City,United States,497,1289,305,5216,446,24.71242331,0,0,0,0,0,0,0,0,0,201,0,0,0,0,blue
grid.4605.7,Novosibirsk State University,Russia,500,1287,456,0,456,0,0,0,0,0,0,0,0,0,0,201,0,0,0,0,blue
